Артикул	Название	Раздел	Тип	Цена опт, Руб.	Цена РРЦ, руб.	Акция опт	Акция РРЦ	Ширина, мм.	Высота, мм.	Вес нетто, кг	Вес брутто, кг	Ширина упаковки, м	Высота упаковки, м	Глубина упаковки, м	Объём, м. куб.	Штрих код	Бренд	Нименование колекции SinteSi	Подсветка	Вид подсветки	Мощность лампы, вт/м	Цвет подсветки	Тип выключателя	Фурнитура с механизмом доводчика	Подогрев зеркала	Способ подключения	Форма	Страна-изготовитель	Материал корпуса	Цвет корпуса	Покрытие корпуса	Способ монтажа	Гарантийный срок	Характеристики	Описание	Основная схема	Доп. схема	Фото 0	Фото 1	Фото 2	Фото 3	Фото 4	Фото 5	Фото 6	Фото 7	Фото 8	Фото 9	Фото 10	Фото 11	Фото 12	Фото 13	Фото 14
SIN-SPEC-KANTO-black-60	Зеркало SINTESI KANTO BLACK 60 с LED-подсветкой  600x800	Зеркала	Зеркала	8800	12200	7040	9760	600	800	8,2	8,7	0,65	0,85	0,04	0,0221	4687202258338	Sintesi	KANTO	Светодиодная лента	Встроенный	9,6	Холодный	сенсорный			Провод питания с вилкой	Прямоугольник	Россия	Алюминий	Черный	матовое	Подвесной	2 года	LED подсветка; сенсорный выключатель; алюминиевый матовый профиль черного цвета	Зеркало нестенное KANTO BLACK 60, 600х800 с LED подсветкой и сенсорным выключателем. Алюминиевый матовый профиль черного цвета. Потребляемая мощность 26 W. Класс защиты IP44. Стеклянное зеркальное полотно Mirox производства компании AGC Glass Russia, принадлежащей международной группе мирового лидера по производству стекла AGC Inc. LED подсветка, сенсорный выключатель, блок питания, крепление зеркала (кронштейн с крюком), клеммник, сетевой шнур. Материал корпуса - Анодированный алюминий (профиль) черного цвета, задняя стенка пластик (АБС). Можно использовать в любом помещение: ванная и туалет, прихожая, спальня, гостиная	https://disk.yandex.ru/i/nWSOKg1HXwijFw	https://disk.yandex.ru/i/fiBIN4zAt9PhDg	https://cdn1.ozone.ru/s3/multimedia-j/6734953603.jpg	https://cdn1.ozone.ru/s3/multimedia-a/6391475278.jpg	https://cdn1.ozone.ru/s3/multimedia-8/6391810400.jpg	https://cdn1.ozone.ru/s3/multimedia-7/6391810399.jpg	https://cdn1.ozone.ru/s3/multimedia-a/6391810402.jpg	https://cdn1.ozone.ru/s3/multimedia-6/6391475274.jpg	https://cdn1.ozone.ru/s3/multimedia-t/6369130637.jpg	https://cdn1.ozone.ru/s3/multimedia-g/6370201840.jpg	https://cdn1.ozone.ru/s3/multimedia-0/6466480728.jpg						
SIN-SPEC-KANTO-black-70	Зеркало SINTESI KANTO BLACK 70 с LED-подсветкой  700х1000	Зеркала	Зеркала	10300	14400	8240	11520	700	1000	13	13,5	0,75	0,105	0,04	0,0031	4687202258345	Sintesi	KANTO	Светодиодная лента	Встроенный	9,6	Холодный	сенсорный			Провод питания с вилкой	Прямоугольник	Россия	Алюминий	Черный	матовое	Подвесной	2 года	LED подсветка; сенсорный выключатель; алюминиевый матовый профиль черного цвета	Зеркало настенное KANTO BLACK 70, 700х1000 с LED подсветкой и сенсорным выключателем. Алюминиевый матовый профиль черного цвета. Потребляемая мощность 26 W. Класс защиты IP44. Стеклянное зеркальное полотно Mirox производства компании AGC Glass Russia, принадлежащей международной группе мирового лидера по производству стекла AGC Inc. LED подсветка, сенсорный выключатель, блок питания, крепление зеркала (кронштейн с крюком), клеммник, сетевой шнур. Материал корпуса - Анодированный алюминий (профиль) черного цвета, задняя стенка пластик (АБС). Можно использовать в любом помещение: ванная и туалет, прихожая, спальня, гостиная	https://disk.yandex.ru/i/FizoUlsK5vcNpA	https://disk.yandex.ru/i/3iPgIYZdDhcqhw	https://cdn1.ozone.ru/s3/multimedia-j/6734953603.jpg	https://cdn1.ozone.ru/s3/multimedia-9/6391810401.jpg	https://cdn1.ozone.ru/s3/multimedia-8/6391810400.jpg	https://cdn1.ozone.ru/s3/multimedia-7/6391810399.jpg	https://cdn1.ozone.ru/s3/multimedia-a/6391810402.jpg	https://cdn1.ozone.ru/s3/multimedia-o/6369130668.jpg	https://cdn1.ozone.ru/s3/multimedia-o/6369130632.jpg	https://cdn1.ozone.ru/s3/multimedia-i/6369130590.jpg	https://cdn1.ozone.ru/s3/multimedia-t/6369130565.jpg	https://cdn1.ozone.ru/s3/multimedia-c/6391810404.jpg	https://cdn1.ozone.ru/s3/multimedia-s/6466481008.jpg				
SIN-SPEC-TITO-45	Зеркало SINTESI TITO 45 с LED-подсветкой  450х800	Зеркала	Зеркала	6800	9500	5440	7600	450	800	6,6	7,1	0,51	0,85	0,04	0,0173	4687202258352	Sintesi	TITO	Светодиодная лента	Встроенный	9,6	Холодный	сенсорный			Провод питания с вилкой	Овал	Россия	МДФ			Подвесной	2 года	LED подсветка; сенсорный выключатель, мдф рама	Зеркало настенное TITO 45, 450х800 c подсветкой . Зеркало для ванной комнаты с ореольной LED подсветкой и сенсорным выключателем. Потребляемая мощность 25 W. Класс защиты IP44. Стеклянное зеркальное полотно Mirox . Ореольная LED подсветка, сенсорный выключатель, блок питания, реверсные крепления зеркала, клеммник, сетевой шнур. Материал корпуса - МДФ, пленка ПВХ. Можно использовать в любом помещение: ванная и туалет, прихожая, спальня, гостиная	https://disk.yandex.ru/i/pgSiIGl3-Sq3ww	https://disk.yandex.ru/i/aF8oVSIXxry5Nw	https://cdn1.ozone.ru/s3/multimedia-g/6734954968.jpg	https://cdn1.ozone.ru/s3/multimedia-j/6391800511.jpg	https://cdn1.ozone.ru/s3/multimedia-k/6391800512.jpg	https://cdn1.ozone.ru/s3/multimedia-8/6369130580.jpg	https://cdn1.ozone.ru/s3/multimedia-8/6369130544.jpg	https://cdn1.ozone.ru/s3/multimedia-c/6369130584.jpg	https://cdn1.ozone.ru/s3/multimedia-5/6369130829.jpg	https://cdn1.ozone.ru/s3/multimedia-v/6369130495.jpg	https://cdn1.ozone.ru/s3/multimedia-b/6369130547.jpg	https://cdn1.ozone.ru/s3/multimedia-t/6369130673.jpg	https://cdn1.ozone.ru/s3/multimedia-m/6391800514.jpg	https://cdn1.ozone.ru/s3/multimedia-o/6466484280.jpg			
SIN-SPEC-SALERNO-100	Зеркало SINTESI SALERNO 100 с LED-подсветкой  1000х700, с подогревом	Зеркала	Зеркала	9200	12800	7360	10240	1000	700	8,8	9,3	0,105	0,75	0,04	0,0031	4687202258369	Sintesi	SALERNO	Светодиодная лента	за полотном	9,6	Холодный	бесконтактный сенсор		Да	Провод питания с вилкой	Прямоугольник	Россия	ПВХ рамка			Подвесной	2 года	LED подсветка; бесконтактный сенсор, ореольная подсветка, подогрев	Зеркало настенное SALERNO 100, 1000x700 с бесконтактным включением. Зеркало с фоновый подсветкой. Использовать в любом помещение: ванная и туалет, прихожая, спальня, гостиная. Благодаря размещению LED ленты за зеркалом, создается эффект "парения". Можно использовать в любом помещение: ванная и туалет, прихожая, спальня, гостиная	https://disk.yandex.ru/i/qfAYbD71H3VGCw	https://disk.yandex.ru/i/K2J1Ta5rPTwTNQ	https://cdn1.ozone.ru/s3/multimedia-x/6734955813.jpg	https://cdn1.ozone.ru/s3/multimedia-g/6391831648.jpg	https://cdn1.ozone.ru/s3/multimedia-h/6391831649.jpg	https://cdn1.ozone.ru/s3/multimedia-f/6391831647.jpg	https://cdn1.ozone.ru/s3/multimedia-v/6369130603.jpg	https://cdn1.ozone.ru/s3/multimedia-p/6369130705.jpg	https://cdn1.ozone.ru/s3/multimedia-x/6369130641.jpg	https://cdn1.ozone.ru/s3/multimedia-n/6369130631.jpg	https://cdn1.ozone.ru/s3/multimedia-b/6369130691.jpg	https://cdn1.ozone.ru/s3/multimedia-i/6391831650.jpg	https://cdn1.ozone.ru/s3/multimedia-s/6369130636.jpg	https://cdn1.ozone.ru/s3/multimedia-l/6369130629.jpg	https://cdn1.ozone.ru/s3/multimedia-1/6369130609.jpg	https://cdn1.ozone.ru/s3/multimedia-p/6466481725.jpg	
SIN-SPEC-SALERNO-120	Зеркало SINTESI SALERNO 120 с LED-подсветкой 1200х700, с подогревом	Зеркала	Зеркала	9900	13800	7920	11040	1200	700	10,5	11	0,125	0,75	0,04	0,0037	4687202258376	Sintesi	SALERNO	Светодиодная лента	за полотном	9,6	Холодный	бесконтактный сенсор		Да	Провод питания с вилкой	Прямоугольник	Россия	ПВХ рамка			Подвесной	2 года	LED подсветка; бесконтактный сенсор, ореольная подсветка, подогрев	Зеркало настенное SALERNO 120, 1200x700 с бесконтактным включением. Зеркало с фоновый подсветкой. Использовать в любом помещение: ванная и туалет, прихожая, спальня, гостиная. Благодаря размещению LED ленты за зеркалом, создается эффект "парения". Можно использовать в любом помещение: ванная и туалет, прихожая, спальня, гостиная	https://disk.yandex.ru/i/-BNsosEuCuHVvQ	https://disk.yandex.ru/i/0T-hB5MyovFBYw	https://cdn1.ozone.ru/s3/multimedia-x/6734955813.jpg	https://cdn1.ozone.ru/s3/multimedia-u/6391838106.jpg	https://cdn1.ozone.ru/s3/multimedia-v/6391838107.jpg	https://cdn1.ozone.ru/s3/multimedia-w/6391838108.jpg	https://cdn1.ozone.ru/s3/multimedia-5/6369130757.jpg	https://cdn1.ozone.ru/s3/multimedia-1/6369130681.jpg	https://cdn1.ozone.ru/s3/multimedia-8/6369130616.jpg	https://cdn1.ozone.ru/s3/multimedia-p/6369130705.jpg	https://cdn1.ozone.ru/s3/multimedia-s/6369130600.jpg	https://cdn1.ozone.ru/s3/multimedia-q/6369130814.jpg	https://cdn1.ozone.ru/s3/multimedia-z/6369130751.jpg	https://cdn1.ozone.ru/s3/multimedia-a/6369130618.jpg	https://cdn1.ozone.ru/s3/multimedia-7/6369130651.jpg	https://cdn1.ozone.ru/s3/multimedia-1/6466481953.jpg	
SIN-SPEC-DECO-60	Зеркало SINTESI DECO 60 с LED-подсветкой D 600	Зеркала	Зеркала	6100	8400	4880	6720	600	600	5,4	5,9	0,65	0,65	0,04	0,0169	4687202258383	Sintesi	DECO	Светодиодная лента	за полотном	9,6	Холодный	бесконтактный сенсор			Провод питания с вилкой	Круг	Россия	ПВХ			Подвесной	2 года	LED подсветка; бесконтактный сенсор, ореольная подсветка	Зеркало настенное DECO 60 D600 с LED-подсветкой - это сочетание стиля и современного дизайна, оно прекрасно вписывается в любой интерьер. Сенсорный датчик позволяет управлять включением Led-подсветки касанием. LED-подсветка с холодным светом рассчитана на 50 000 часов работы в непрерывном режиме. Класс защиты изделия IP 44.  Продукция прошла обязательную и добровольную сертификацию. Можно использовать в любом помещение: ванная и туалет, прихожая, спальня, гостиная	https://disk.yandex.ru/i/AZxafuAxqh6Riw	https://disk.yandex.ru/i/rtMoFYDTEvCLCw	https://cdn1.ozone.ru/s3/multimedia-n/6734956451.jpg	https://cdn1.ozone.ru/s3/multimedia-i/6391849002.jpg	https://cdn1.ozone.ru/s3/multimedia-h/6391849001.jpg	https://cdn1.ozone.ru/s3/multimedia-k/6391849004.jpg	https://cdn1.ozone.ru/s3/multimedia-f/6369130515.jpg	https://cdn1.ozone.ru/s3/multimedia-c/6369130800.jpg	https://cdn1.ozone.ru/s3/multimedia-k/6369130736.jpg	https://cdn1.ozone.ru/s3/multimedia-1/6369130501.jpg	https://cdn1.ozone.ru/s3/multimedia-l/6369130665.jpg	https://cdn1.ozone.ru/s3/multimedia-l/6391849005.jpg	https://cdn1.ozone.ru/s3/multimedia-b/6466475699.jpg				
SIN-SPEC-DECO-80	Зеркало SINTESI DECO 80 с LED-подсветкой D 800	Зеркала	Зеркала	7300	10200	5840	8160	800	800	8,5	8,9	0,85	0,85	0,04	0,0289	4687202399338	Sintesi	DECO	Светодиодная лента	за полотном	9,6	Холодный	бесконтактный сенсор			Провод питания с вилкой	Круг	Россия	ПВХ			Подвесной	2 года	LED подсветка; бесконтактный сенсор, ореольная подсветка	Зеркало настенное DECO 80 D800 с LED-подсветкой - это сочетание стиля и современного дизайна, оно прекрасно вписывается в любой интерьер. Сенсорный датчик позволяет управлять включением Led-подсветки касанием. LED-подсветка с холодным светом рассчитана на 50 000 часов работы в непрерывном режиме. Класс защиты изделия IP 44.  Продукция прошла обязательную и добровольную сертификацию. Можно использовать в любом помещение: ванная и туалет, прихожая, спальня, гостиная	https://disk.yandex.ru/i/ujJtWMuZkOsRDA		https://cdn1.ozone.ru/s3/multimedia-n/6734956451.jpg	https://cdn1.ozone.ru/s3/multimedia-i/6391849002.jpg	https://cdn1.ozone.ru/s3/multimedia-h/6391849001.jpg	https://cdn1.ozone.ru/s3/multimedia-k/6391849004.jpg	https://cdn1.ozone.ru/s3/multimedia-k/6369130736.jpg	https://cdn1.ozone.ru/s3/multimedia-c/6369130800.jpg	https://cdn1.ozone.ru/s3/multimedia-l/6369130665.jpg	https://cdn1.ozone.ru/s3/multimedia-n/6369130523.jpg	https://cdn1.ozone.ru/s3/multimedia-1/6369130501.jpg	https://cdn1.ozone.ru/s3/multimedia-l/6391849005.jpg	https://cdn1.ozone.ru/s3/multimedia-n/6466475855.jpg				
SIN-SPEC-JANO-80	Зеркало SINTESI JANO 80 с LED-подсветкой  800x600, с подогревом	Зеркала	Зеркала	8800	12300	7040	9840	800	600	7,2	7,7	0,85	0,65	0,04	0,0221	4687202258390	Sintesi	JANO	Светодиодная лента	Встроенный	9,6	Холодный	сенсорный		Да	Провод питания с вилкой	Прямоугольник	Россия	ПВХ			Подвесной	2 года	LED подсветка; сенсорный выключатель, подогрев	Зеркало настенное JANO 80, 800х600 с LED-подсветкой - это сочетание стиля и современного дизайна, оно прекрасно вписывается в любой интерьер. Сенсор нового поколения позволяет управлять включением и яркостью Led-подсветки касанием пальца. LED-подсветка рассчитана на 50 000 часов работы в непрерывном режиме. Класс защиты изделия IP 44. Продукция прошла обязательную и добровольную сертификацию. Можно использовать в любом помещение: ванная и туалет, прихожая, спальня, гостиная	https://disk.yandex.ru/i/l8zvxFZgNukrCw	https://disk.yandex.ru/i/gVqYAIHNP-Cd5w	https://cdn1.ozone.ru/s3/multimedia-w/6734956928.jpg	https://cdn1.ozone.ru/s3/multimedia-x/6391833105.jpg	https://cdn1.ozone.ru/s3/multimedia-y/6391833106.jpg	https://cdn1.ozone.ru/s3/multimedia-w/6391833104.jpg	https://cdn1.ozone.ru/s3/multimedia-2/6391833110.jpg	https://cdn1.ozone.ru/s3/multimedia-0/6391833108.jpg	https://cdn1.ozone.ru/s3/multimedia-1/6391833109.jpg	https://cdn1.ozone.ru/s3/multimedia-z/6369130571.jpg	https://cdn1.ozone.ru/s3/multimedia-d/6369130513.jpg	https://cdn1.ozone.ru/s3/multimedia-u/6369130638.jpg	https://cdn1.ozone.ru/s3/multimedia-c/6369130548.jpg	https://cdn1.ozone.ru/s3/multimedia-v/6466477735.jpg			
SIN-SPEC-JANO-90	Зеркало SINTESI JANO 90 с LED-подсветкой  900х700, с подогревом	Зеркала	Зеркала	9300	13000	7440	10400	900	700	8	8,5	0,95	0,75	0,04	0,0285	4687202258406	Sintesi	JANO	Светодиодная лента	Встроенный	9,6	Холодный	сенсорный		Да	Провод питания с вилкой	Прямоугольник	Россия	ПВХ			Подвесной	2 года	LED подсветка; сенсорный выключатель, подогрев	Зеркало настенное JANO 90, 900х700 с LED-подсветкой - это сочетание стиля и современного дизайна, оно прекрасно вписывается в любой интерьер. Сенсор нового поколения позволяет управлять включением и яркостью Led-подсветки касанием пальца. LED-подсветка рассчитана на 50 000 часов работы в непрерывном режиме. Класс защиты изделия IP 44. Продукция прошла обязательную и добровольную сертификацию. Можно использовать в любом помещение: ванная и туалет, прихожая, спальня, гостиная	https://disk.yandex.ru/i/T_o-FnG0KLOhfQ	https://disk.yandex.ru/i/RsBVIhfGOCfp0A	https://cdn1.ozone.ru/s3/multimedia-w/6734956928.jpg	https://cdn1.ozone.ru/s3/multimedia-0/6391803876.jpg	https://cdn1.ozone.ru/s3/multimedia-1/6391803877.jpg	https://cdn1.ozone.ru/s3/multimedia-q/6369130922.jpg	https://cdn1.ozone.ru/s3/multimedia-2/6391803878.jpg	https://cdn1.ozone.ru/s3/multimedia-k/6369130664.jpg	https://cdn1.ozone.ru/s3/multimedia-7/6369130579.jpg	https://cdn1.ozone.ru/s3/multimedia-y/6466478242.jpg							
SIN-SPEC-JANO-100	Зеркало SINTESI JANO 100 с LED-подсветкой  1000x700, с подогревом	Зеркала	Зеркала	9900	13800	7920	11040	1000	700	10,4	10,9	1,05	0,75	0,04	0,0315	4687202258413	Sintesi	JANO	Светодиодная лента	Встроенный	9,6	Холодный	сенсорный		Да	Провод питания с вилкой	Прямоугольник	Россия	ПВХ			Подвесной	2 года	LED подсветка; сенсорный выключатель, подогрев	Зеркало настенное JANO 100, 1000х700 с LED-подсветкой - это сочетание стиля и современного дизайна, оно прекрасно вписывается в любой интерьер. Сенсор нового поколения позволяет управлять включением и яркостью Led-подсветки касанием пальца. LED-подсветка рассчитана на 50 000 часов работы в непрерывном режиме. Класс защиты изделия IP 44. Продукция прошла обязательную и добровольную сертификацию. Можно использовать в любом помещение: ванная и туалет, прихожая, спальня, гостиная	https://disk.yandex.ru/i/nihyf5_fOqAyIw	https://disk.yandex.ru/i/TJHKUKAC3oKqVA	https://cdn1.ozone.ru/s3/multimedia-w/6734956928.jpg	https://cdn1.ozone.ru/s3/multimedia-9/6391834125.jpg	https://cdn1.ozone.ru/s3/multimedia-a/6391834126.jpg	https://cdn1.ozone.ru/s3/multimedia-7/6391834123.jpg	https://cdn1.ozone.ru/s3/multimedia-b/6391834127.jpg	https://cdn1.ozone.ru/s3/multimedia-p/6369130597.jpg	https://cdn1.ozone.ru/s3/multimedia-5/6369130505.jpg	https://cdn1.ozone.ru/s3/multimedia-l/6369130593.jpg	https://cdn1.ozone.ru/s3/multimedia-p/6369130633.jpg	https://cdn1.ozone.ru/s3/multimedia-8/6391834124.jpg	https://cdn1.ozone.ru/s3/multimedia-1/6466479325.jpg				
SIN-SPEC-JANO-120	Зеркало SINTESI JANO 120 с LED-подсветкой  1200x800, с подогревом	Зеркала	Зеркала	11700	16300	9360	13040	1200	800	11	11,5	0,125	0,85	0,04	0,0042	4687202258420	Sintesi	JANO	Светодиодная лента	Встроенный	9,6	Холодный	сенсорный		Да	Провод питания с вилкой	Прямоугольник	Россия	ПВХ			Подвесной	2 года	LED подсветка; сенсорный выключатель, подогрев	Зеркало настенное JANO 120, 1200х800 с LED-подсветкой - это сочетание стиля и современного дизайна, оно прекрасно вписывается в любой интерьер. Сенсор нового поколения позволяет управлять включением и яркостью Led-подсветки касанием пальца. LED-подсветка рассчитана на 50 000 часов работы в непрерывном режиме. Класс защиты изделия IP 44. Продукция прошла обязательную и добровольную сертификацию. Можно использовать в любом помещение: ванная и туалет, прихожая, спальня, гостиная	https://disk.yandex.ru/i/XtEeFOMpU1JdbA	https://disk.yandex.ru/i/rNsmI8kYzbUQwg	https://cdn1.ozone.ru/s3/multimedia-o/6734961708.jpg	https://cdn1.ozone.ru/s3/multimedia-f/6391842519.jpg	https://cdn1.ozone.ru/s3/multimedia-h/6391842521.jpg	https://cdn1.ozone.ru/s3/multimedia-c/6391842516.jpg	https://cdn1.ozone.ru/s3/multimedia-d/6391842517.jpg	https://cdn1.ozone.ru/s3/multimedia-4/6369130540.jpg	https://cdn1.ozone.ru/s3/multimedia-d/6369130585.jpg	https://cdn1.ozone.ru/s3/multimedia-g/6391842520.jpg	https://cdn1.ozone.ru/s3/multimedia-l/6369130521.jpg	https://cdn1.ozone.ru/s3/multimedia-h/6466479629.jpg					
SIN-SPEC-BONO-50	Зеркало SINTESI  BONO 50 с LED-подсветкой 500x700	Зеркала	Зеркала	6400	8900	5120	7120	500	700	5,8	6,3	0,55	0,75	0,04	0,0165	4687202258437	Sintesi	BONO	Светодиодная лента	Встроенный	9,6	Холодный	сенсорный			Провод питания с вилкой	Прямоугольник	Россия	ПВХ			Подвесной	2 года	LED подсветка; сенсорный выключатель	Зеркало нестенное BONO 50, 500х700 с LED подсветкой и сенсорным выключателем. Класс защиты IP44. Стеклянное зеркальное полотно Mirox производства компании AGC Glass Russia, принадлежащей международной группе мирового лидера по производству стекла AGC Inc. Можно использовать в любом помещение: ванная и туалет, прихожая, спальня, гостиная	https://disk.yandex.ru/i/RCV4TeoMx9PVwA	https://disk.yandex.ru/i/RAYBJCte1r5MzA	https://cdn1.ozone.ru/s3/multimedia-w/6734962220.jpg	https://cdn1.ozone.ru/s3/multimedia-i/6391834962.jpg	https://cdn1.ozone.ru/s3/multimedia-n/6391834967.jpg	https://cdn1.ozone.ru/s3/multimedia-k/6391834964.jpg	https://cdn1.ozone.ru/s3/multimedia-v/6369130567.jpg	https://cdn1.ozone.ru/s3/multimedia-t/6369130817.jpg	https://cdn1.ozone.ru/s3/multimedia-m/6369130702.jpg	https://cdn1.ozone.ru/s3/multimedia-z/6369130499.jpg	https://cdn1.ozone.ru/s3/multimedia-l/6391834965.jpg	https://cdn1.ozone.ru/s3/multimedia-z/6466473671.jpg					
SIN-SPEC-BONO-60	Зеркало SINTESI  BONO 60 с LED-подсветкой 600x800	Зеркала	Зеркала	7000	9700	5600	7760	600	800	7,2	7,7	0,65	0,85	0,04	0,0221	4687202258444	Sintesi	BONO	Светодиодная лента	Встроенный	9,6	Холодный	сенсорный			Провод питания с вилкой	Прямоугольник	Россия	ПВХ			Подвесной	2 года	LED подсветка; сенсорный выключатель	Зеркало нестенное BONO 60, 600х800 с LED подсветкой и сенсорным выключателем. Класс защиты IP44. Стеклянное зеркальное полотно Mirox производства компании AGC Glass Russia, принадлежащей международной группе мирового лидера по производству стекла AGC Inc. Можно использовать в любом помещение: ванная и туалет, прихожая, спальня, гостиная	https://disk.yandex.ru/i/ldrduQ_QI0eY8Q	https://disk.yandex.ru/i/WtazYH9o9q_M0g	https://cdn1.ozone.ru/s3/multimedia-w/6734962220.jpg	https://cdn1.ozone.ru/s3/multimedia-r/6391820031.jpg	https://cdn1.ozone.ru/s3/multimedia-g/6369130624.jpg	https://cdn1.ozone.ru/s3/multimedia-t/6391820033.jpg	https://cdn1.ozone.ru/s3/multimedia-h/6391820021.jpg	https://cdn1.ozone.ru/s3/multimedia-c/6369130728.jpg	https://cdn1.ozone.ru/s3/multimedia-l/6369130737.jpg	https://cdn1.ozone.ru/s3/multimedia-j/6369130627.jpg	https://cdn1.ozone.ru/s3/multimedia-s/6391820032.jpg	https://cdn1.ozone.ru/s3/multimedia-8/6466473788.jpg					
SIN-SPEC-JORNO-40	Зеркало SINTESI  JORNO 40 с LED-подсветкой 400х700	Зеркала	Зеркала	6100	8500	4880	6800	400	700	4,6	5,1	0,45	0,75	0,04	0,3775	4687202258451	Sintesi	JORNO	Светодиодная лента	Встроенный	9,6	Холодный	сенсорный			Провод питания с вилкой	Прямоугольник	Россия	ПВХ 			Подвесной	2 года	LED подсветка; сенсорный выключатель	Зеркало нестенное JORNO 40, 400х700 с LED подсветкой и сенсорным выключателем. Класс защиты IP44. Стеклянное зеркальное полотно Mirox производства компании AGC Glass Russia, принадлежащей международной группе мирового лидера по производству стекла AGC Inc. Можно использовать в любом помещение: ванная и туалет, прихожая, спальня, гостиная	https://disk.yandex.ru/i/iI-CpbpUzLdb9A	https://disk.yandex.ru/i/eBuvcmNgTVs2Rg	https://cdn1.ozone.ru/s3/multimedia-6/6734962590.jpg	https://cdn1.ozone.ru/s3/multimedia-t/6391813625.jpg	https://cdn1.ozone.ru/s3/multimedia-s/6391813624.jpg	https://cdn1.ozone.ru/s3/multimedia-u/6391813626.jpg	https://cdn1.ozone.ru/s3/multimedia-a/6369130654.jpg	https://cdn1.ozone.ru/s3/multimedia-6/6369130758.jpg	https://cdn1.ozone.ru/s3/multimedia-r/6391813623.jpg	https://cdn1.ozone.ru/s3/multimedia-1/6466480045.jpg							
SIN-SPEC-SKY-80	Зеркало SINTESI  SKY 80 с LED-подсветкой 800x600	Зеркала	Зеркала	6800	9400	5440	7520	800	600	7,2	7,5	0,85	0,65	0,04	0,0221	4687202258468	Sintesi	SKY	Светодиодная лента	Встроенный	9,6	Холодный	сенсорный			Провод питания с вилкой	Прямоугольник	Россия	ПВХ			Подвесной	2 года	LED подсветка; сенсорный выключатель	Зеркало нестенное SKY 80, 800х600 с LED подсветкой и сенсорным выключателем. Класс защиты IP44. Стеклянное зеркальное полотно Mirox производства компании AGC Glass Russia, принадлежащей международной группе мирового лидера по производству стекла AGC Inc. Можно использовать в любом помещение: ванная и туалет, прихожая, спальня, гостиная	https://disk.yandex.ru/i/z6Wkh8TbpQAuaA	https://disk.yandex.ru/i/pDROBmkWYB86KA	https://cdn1.ozone.ru/s3/multimedia-3/6734964423.jpg	https://cdn1.ozone.ru/s3/multimedia-v/6391797895.jpg	https://cdn1.ozone.ru/s3/multimedia-4/6391797904.jpg	https://cdn1.ozone.ru/s3/multimedia-p/6369130669.jpg	https://cdn1.ozone.ru/s3/multimedia-q/6369130598.jpg	https://cdn1.ozone.ru/s3/multimedia-d/6369130729.jpg	https://cdn1.ozone.ru/s3/multimedia-5/6369130613.jpg	https://cdn1.ozone.ru/s3/multimedia-1/6391797901.jpg	https://cdn1.ozone.ru/s3/multimedia-d/6466482757.jpg						
SIN-SPEC-SHARME-55	Зеркало SINTESI SHARME 55 с LED-подсветкой 550x1000	Зеркала	Зеркала	7700	10700	6160	8560	550	1000	8	8,5	0,6	0,105	0,04	0,103	4687202258475	Sintesi	SHARME	Светодиодная лента	Встроенный	9,6	Холодный	сенсорный			Провод питания с вилкой	Овал	Россия	ПВХ			Подвесной	2 года	LED подсветка; сенсорный выключатель	Зеркало нестенное SHARME 55, 550х1000 с LED подсветкой и сенсорным выключателем. Класс защиты IP44. Стеклянное зеркальное полотно Mirox производства компании AGC Glass Russia, принадлежащей международной группе мирового лидера по производству стекла AGC Inc. Можно использовать в любом помещение: ванная и туалет, прихожая, спальня, гостиная	https://disk.yandex.ru/i/QeB4E9UK2DVmsA	https://disk.yandex.ru/i/mrScV1SG2dey2g	https://cdn1.ozone.ru/s3/multimedia-1/6734964889.jpg	https://cdn1.ozone.ru/s3/multimedia-g/6391815988.jpg	https://cdn1.ozone.ru/s3/multimedia-3/6369130611.jpg	https://cdn1.ozone.ru/s3/multimedia-d/6391815985.jpg	https://cdn1.ozone.ru/s3/multimedia-f/6391815987.jpg	https://cdn1.ozone.ru/s3/multimedia-s/6369130528.jpg	https://cdn1.ozone.ru/s3/multimedia-6/6391815978.jpg	https://cdn1.ozone.ru/s3/multimedia-p/6369130813.jpg	https://cdn1.ozone.ru/s3/multimedia-h/6369130733.jpg	https://cdn1.ozone.ru/s3/multimedia-x/6466482273.jpg					
SIN-SPEC-ARMADIO-black-80	Зеркало SINTESI ARMADIO BLACK 80 с LED-подсветкой  800x600	Зеркала	Зеркала	9800	13700	7840	10960	800	600	8,2	8,7	0,85	0,65	0,04	0,0221	4687202258482	Sintesi	ARMADIO	Светодиодная лента	Встроенный	9,6	Холодный	сенсорный			Провод питания с вилкой	Прямоугольник	Россия	Алюминий	Черный		Подвесной	2 года	LED подсветка; сенсорный выключатель; алюминиевый профиль черного цвета	Зеркало ARMADIO BLACK 80, 800х600 с подсветкой. Алюминиевым профилем и сенсорным выключателем. Потребляемая мощность 29 W. Класс защиты IP44. Стеклянное зеркальное полотно Mirox производства компании AGC Glass Russia, принадлежащей международной группе мирового лидера по производству стекла AGC Inc. LED подсветка, алюминиевый профиль, сенсорный выключатель, блок питания, крепление зеркала (кронштейн с крюком), клеммник, сетевой шнур. Материал корпуса - Анодированный алюминий (профиль), задняя стенка пластик (АБС). Можно использовать в любом помещение: ванная и туалет, прихожая, спальня, гостиная	https://disk.yandex.ru/i/Sk4NgoujeHzwVg	https://disk.yandex.ru/i/zJDQM7-RTVP18Q	https://cdn1.ozone.ru/s3/multimedia-y/6734966290.jpg	https://cdn1.ozone.ru/s3/multimedia-y/6391859386.jpg	https://cdn1.ozone.ru/s3/multimedia-z/6391859387.jpg	https://cdn1.ozone.ru/s3/multimedia-0/6391859388.jpg	https://cdn1.ozone.ru/s3/multimedia-g/6369130588.jpg	https://cdn1.ozone.ru/s3/multimedia-r/6369130491.jpg	https://cdn1.ozone.ru/s3/multimedia-i/6369130554.jpg	https://cdn1.ozone.ru/s3/multimedia-2/6466471766.jpg							
SIN-SPEC-ARMADIO-black-100	Зеркало SINTESI ARMADIO BLACK 100 с LED-подсветкой  1000x700	Зеркала	Зеркала	11400	15900	9120	12720	1000	700	10	10,5	1,05	0,75	0,04	0,0315	4687202258499	Sintesi	ARMADIO	Светодиодная лента	Встроенный	9,6	Холодный	сенсорный			Провод питания с вилкой	Прямоугольник	Россия	Алюминий	Черный		Подвесной	2 года	LED подсветка; сенсорный выключатель; алюминиевый профиль	Зеркало ARMADIO ARMADIO BLACK 100, 1000х700 с подсветкой. Алюминиевым профилем и сенсорным выключателем. Потребляемая мощность 29 W. Класс защиты IP44. Стеклянное зеркальное полотно Mirox производства компании AGC Glass Russia, принадлежащей международной группе мирового лидера по производству стекла AGC Inc. LED подсветка, алюминиевый профиль, сенсорный выключатель, блок питания, крепление зеркала (кронштейн с крюком), клеммник, сетевой шнур. Материал корпуса - Анодированный алюминий (профиль), задняя стенка пластик (АБС). Можно использовать в любом помещение: ванная и туалет, прихожая, спальня, гостиная	https://disk.yandex.ru/i/N8YdAbXyVfvlvg	https://disk.yandex.ru/i/2fd1Azr20rFDpA	https://cdn1.ozone.ru/s3/multimedia-y/6734966290.jpg	https://cdn1.ozone.ru/s3/multimedia-o/6391822044.jpg	https://cdn1.ozone.ru/s3/multimedia-5/6369130577.jpg	https://cdn1.ozone.ru/s3/multimedia-l/6391822041.jpg	https://cdn1.ozone.ru/s3/multimedia-n/6391822043.jpg	https://cdn1.ozone.ru/s3/multimedia-m/6391822042.jpg	https://cdn1.ozone.ru/s3/multimedia-q/6391822046.jpg	https://cdn1.ozone.ru/s3/multimedia-8/6369130760.jpg	https://cdn1.ozone.ru/s3/multimedia-n/6369130595.jpg	https://cdn1.ozone.ru/s3/multimedia-w/6369130676.jpg	https://cdn1.ozone.ru/s3/multimedia-p/6391822045.jpg	https://cdn1.ozone.ru/s3/multimedia-z/6466472411.jpg			
SIN-SPEC-CORSO-60	Зеркало-шкаф SINTESI CORSO 60 с LED-подсветкой 600х800	Зеркала	Зеркала	11500	16000	9200	12800	600	800	15,3	15,8	0,65	0,85	0,15	0,0828	4687202258505	Sintesi	CORSO	Светодиодная лента	Встроенный	9,6	Холодный	сенсорный	Да		Провод питания без вилки	Прямоугольник	Россия	ВЛДСП			Подвесной	2 года	LED подсветка; сенсорное включение справа по центру, реверсивные крепления, пластиковый короб, прямые углы на коробе и радиусные на зеркале, полка/2 шт, без розетки, петли Firmax	Зеркало-шкаф CORSO 60, 600х800 мм с одной дверкой является реверсивным и может устанавливаться, как в левом, так и в правом исполнении. Также шкафчик укомплектован фурнитурой со встроенным доводчиком для плавного закрывания дверцы. Фасад изготовлен из высококачественного УПС-пластика и зеркального полотна толщиной 4 мм от ведущего европейского производителя зеркал AGC, а корпус - из влагостойкого ЛДСП. Светодиодная лента с плотностью диодов 120 шт./м и мощностью 9,6Вт/м, создает мягкое и равное свечение по периметру фасада шкафа. Подсветка рассчитана на 50 000 часов работы в непрерывном режиме. Изделие прошло обязательную сертификацию и может использоваться в помещениях с повышенной влажностью воздуха.	https://disk.yandex.ru/d/IonPvR_wc82YtA	https://disk.yandex.ru/i/LLOlciQkwEswAQ	https://cdn1.ozone.ru/s3/multimedia-z/6734967551.jpg	https://cdn1.ozone.ru/s3/multimedia-y/6391858558.jpg	https://cdn1.ozone.ru/s3/multimedia-2/6391858562.jpg	https://cdn1.ozone.ru/s3/multimedia-w/6391858556.jpg	https://cdn1.ozone.ru/s3/multimedia-1/6391858561.jpg	https://cdn1.ozone.ru/s3/multimedia-t/6391858553.jpg	https://cdn1.ozone.ru/s3/multimedia-v/6391858555.jpg	https://cdn1.ozone.ru/s3/multimedia-5/6391858565.jpg	https://cdn1.ozone.ru/s3/multimedia-y/6369130498.jpg	https://cdn1.ozone.ru/s3/multimedia-x/6391858557.jpg	https://cdn1.ozone.ru/s3/multimedia-u/6391858554.jpg	https://cdn1.ozone.ru/s3/multimedia-2/6466475258.jpg	https://cdn1.ozone.ru/s3/multimedia-1/6466475257.jpg		
SIN-SPEC-WALLY-VERTIC-70	Зеркало SINTESI WALLY 70 с LED-подсветкой 700х1000	Зеркала	Зеркала	7200	10000	5760	8000	700	1000	8,8	9,3	0,75	1,05	0,04	0,0315	4687202296101	Sintesi	Wally	Светодиодная лента	за полотном	9,6	Холодный	сенсорный			Провод питания с вилкой	Нестандартное	Россия	ПВХ			Подвесной	2 года	LED подсветка; сенсорный выключатель	Зеркало Wally, 700x1000 изготовлено из зеркального полотна толщиной 4 мм производства ведущего европейского производителя зеркал AGC. Модель отличается стильным минималистическим дизайном. В качестве элемента LED-подсветки используется светодиодная лента с плотностью диодов 120 шт./м мощностью 9,6Вт/м. Это создает мягкое и равномерное свечение по периметру всего зеркала. Электрические компоненты размещены внутри корпуса, край полотна обработан еврокромкой, что обеспечивает надежную защиту от случайных порезов при контакте с изделием. Управление подсветкой осуществляется при помощи сенсорной кнопки, вынесенной на лицевую панель для удобства настройки необходимой яркости. Зеркало поставляется в комплекте с настенным крепежом. Изделие прошло обязательную сертификацию и может использоваться в помещениях с повышенной влажностью воздуха.	https://disk.yandex.ru/i/RzjUfZkabPt8Pg		https://cdn1.ozone.ru/s3/multimedia-8/6734967920.jpg	https://cdn1.ozone.ru/s3/multimedia-n/6391829567.jpg	https://cdn1.ozone.ru/s3/multimedia-i/6391829562.jpg	https://cdn1.ozone.ru/s3/multimedia-m/6391829566.jpg	https://cdn1.ozone.ru/s3/multimedia-k/6391829564.jpg	https://cdn1.ozone.ru/s3/multimedia-s/6369130708.jpg	https://cdn1.ozone.ru/s3/multimedia-r/6369130635.jpg	https://cdn1.ozone.ru/s3/multimedia-h/6369130625.jpg	https://cdn1.ozone.ru/s3/multimedia-r/6369130527.jpg	https://cdn1.ozone.ru/s3/multimedia-d/6369130549.jpg	https://cdn1.ozone.ru/s3/multimedia-h/6369130589.jpg	https://cdn1.ozone.ru/s3/multimedia-d/6369130657.jpg	https://cdn1.ozone.ru/s3/multimedia-2/6369130718.jpg	https://cdn1.ozone.ru/s3/multimedia-l/6391829565.jpg	https://cdn1.ozone.ru/s3/multimedia-h/6466484561.jpg
SIN-SPEC-ESTRO-VERTIC-70	Зеркало SINTESI ESTRO 70 с LED-подсветкой 700х1000	Зеркала	Зеркала	7200	10000	5760	8000	700	1000	9,2	9,7	0,75	1,05	0,04	0,0315	4687202296118	Sintesi	Estro	Светодиодная лента	за полотном	9,6	Холодный	сенсорный			Провод питания с вилкой	Нестандартное	Россия	ПВХ			Подвесной	2 года	LED подсветка; сенсорный выключатель	Зеркало Estro 700x1000 изготовлено из зеркального полотна толщиной 4 мм производства ведущего европейского производителя зеркал AGC. Модель отличается стильным минималистическим дизайном. В качестве элемента LED-подсветки используется светодиодная лента с плотностью диодов 120 шт./м мощностью 9,6Вт/м. Это создает мягкое и равномерное свечение по периметру всего зеркала. Электрические компоненты размещены внутри корпуса, край полотна обработан еврокромкой, что обеспечивает надежную защиту от случайных порезов при контакте с изделием. Управление подсветкой осуществляется при помощи сенсорной кнопки, вынесенной на лицевую панель для удобства настройки необходимой яркости. Зеркало поставляется в комплекте с настенным крепежом. Изделие прошло обязательную сертификацию и может использоваться в помещениях с повышенной влажностью воздуха	https://disk.yandex.ru/i/Q07cjoOQlAZdbA		https://cdn1.ozone.ru/s3/multimedia-q/6734969126.jpg	https://cdn1.ozone.ru/s3/multimedia-q/6391846382.jpg	https://cdn1.ozone.ru/s3/multimedia-t/6391846385.jpg	https://cdn1.ozone.ru/s3/multimedia-u/6369130674.jpg	https://cdn1.ozone.ru/s3/multimedia-f/6369130623.jpg	https://cdn1.ozone.ru/s3/multimedia-r/6369130563.jpg	https://cdn1.ozone.ru/s3/multimedia-e/6369130550.jpg	https://cdn1.ozone.ru/s3/multimedia-k/6369130628.jpg	https://cdn1.ozone.ru/s3/multimedia-j/6369130663.jpg	https://cdn1.ozone.ru/s3/multimedia-9/6369130509.jpg	https://cdn1.ozone.ru/s3/multimedia-1/6369130537.jpg	https://cdn1.ozone.ru/s3/multimedia-u/6391846386.jpg	https://cdn1.ozone.ru/s3/multimedia-8/6466476056.jpg		
SIN-SPEC-KANTO-CROMO-60	Зеркало SINTESI KANTO CROMO 60 с LED-подсветкой  600x800	Зеркала	Зеркала	8800	12200	7040	9760	600	800	8,2	8,7	0,65	0,85	0,04	0,0221	4687202296125	Sintesi	KANTO	Светодиодная лента	Встроенный	9,6	Холодный	сенсорный			Провод питания с вилкой	Прямоугольник	Россия	Алюминий	Хром	матовое	Подвесной	2 года	LED подсветка; сенсорный выключатель; алюминиевый матовый профиль цвета хром	Зеркало нестенное KANTO CROMO 60, 600х800 с LED подсветкой и сенсорным выключателем. Алюминиевый матовый профиль цвета хром. Потребляемая мощность 26 W. Класс защиты IP44. Стеклянное зеркальное полотно Mirox производства компании AGC Glass Russia, принадлежащей международной группе мирового лидера по производству стекла AGC Inc. LED подсветка, сенсорный выключатель, блок питания, крепление зеркала (кронштейн с крюком), клеммник, сетевой шнур. Материал корпуса - Анодированный алюминий (профиль) черного цвета, задняя стенка пластик (АБС). Можно использовать в любом помещение: ванная и туалет, прихожая, спальня, гостиная	https://disk.yandex.ru/i/TT_Wyi8pHI9prg		https://cdn1.ozone.ru/s3/multimedia-0/6734970684.jpg	https://cdn1.ozone.ru/s3/multimedia-p/6391828309.jpg	https://cdn1.ozone.ru/s3/multimedia-9/6369130545.jpg	https://cdn1.ozone.ru/s3/multimedia-r/6391828311.jpg	https://cdn1.ozone.ru/s3/multimedia-s/6391828312.jpg	https://cdn1.ozone.ru/s3/multimedia-q/6391828310.jpg	https://cdn1.ozone.ru/s3/multimedia-t/6391828313.jpg	https://cdn1.ozone.ru/s3/multimedia-c/6369130692.jpg	https://cdn1.ozone.ru/s3/multimedia-e/6369130658.jpg	https://cdn1.ozone.ru/s3/multimedia-u/6391828314.jpg	https://cdn1.ozone.ru/s3/multimedia-f/6369130587.jpg	https://cdn1.ozone.ru/s3/multimedia-6/6369130506.jpg	https://cdn1.ozone.ru/s3/multimedia-u/6466481298.jpg		
SIN-SPEC-KANTO-CROMO-70	Зеркало SINTESI KANTO CROMO 70 с LED-подсветкой  700х1000	Зеркала	Зеркала	10300	14400	8240	11520	700	1000	9	9,5	0,75	1,05	0,04	0,0315	4687202296132	Sintesi	KANTO	Светодиодная лента	Встроенный	9,6	Холодный	сенсорный			Провод питания с вилкой	Прямоугольник	Россия	Алюминий	Хром	матовое	Подвесной	2 года	LED подсветка; сенсорный выключатель; алюминиевый матовый профиль цвета хром	Зеркало нестенное KANTO CROMO 70, 700х1000 с LED подсветкой и сенсорным выключателем. Алюминиевый матовый профиль цвета хром. Потребляемая мощность 26 W. Класс защиты IP44. Стеклянное зеркальное полотно Mirox производства компании AGC Glass Russia, принадлежащей международной группе мирового лидера по производству стекла AGC Inc. LED подсветка, сенсорный выключатель, блок питания, крепление зеркала (кронштейн с крюком), клеммник, сетевой шнур. Материал корпуса - Анодированный алюминий (профиль) черного цвета, задняя стенка пластик (АБС). Можно использовать в любом помещение: ванная и туалет, прихожая, спальня, гостиная	https://disk.yandex.ru/i/py1Ola84fl3lbg		https://cdn1.ozone.ru/s3/multimedia-0/6734970684.jpg	https://cdn1.ozone.ru/s3/multimedia-r/6391805775.jpg	https://cdn1.ozone.ru/s3/multimedia-2/6369130502.jpg	https://cdn1.ozone.ru/s3/multimedia-v/6391805779.jpg	https://cdn1.ozone.ru/s3/multimedia-4/6369130900.jpg	https://cdn1.ozone.ru/s3/multimedia-3/6369130863.jpg	https://cdn1.ozone.ru/s3/multimedia-6/6369130974.jpg	https://cdn1.ozone.ru/s3/multimedia-c/6391805796.jpg	https://cdn1.ozone.ru/s3/multimedia-8/6466481456.jpg						
SIN-SPEC-ARMADIO-CROMO-80	Зеркало SINTESI ARMADIO CROMO 80 с LED-подсветкой  800x600	Зеркала	Зеркала	9800	13700	7840	10960	800	600	8,2	8,7	0,85	0,65	0,04	0,0221	4687202296156	Sintesi	ARMADIO	Светодиодная лента	Встроенный	9,6	Холодный	сенсорный			Провод питания с вилкой	Прямоугольник	Россия	Алюминий	Хром	матовое	Подвесной	2 года	LED подсветка; сенсорный выключатель; алюминиевый профиль цвета хром	Зеркало ARMADIO CROMO 80, 800х600 с подсветкой. Алюминиевым профилем и сенсорным выключателем. Потребляемая мощность 29 W. Класс защиты IP44. Стеклянное зеркальное полотно Mirox производства компании AGC Glass Russia, принадлежащей международной группе мирового лидера по производству стекла AGC Inc. LED подсветка, алюминиевый профиль, сенсорный выключатель, блок питания, крепление зеркала (кронштейн с крюком), клеммник, сетевой шнур. Материал корпуса - Анодированный алюминий (профиль), задняя стенка пластик (АБС). Можно использовать в любом помещение: ванная и туалет, прихожая, спальня, гостиная	https://disk.yandex.ru/i/B2D9H-8_LbNXEw		https://cdn1.ozone.ru/s3/multimedia-g/6734972572.jpg	https://cdn1.ozone.ru/s3/multimedia-k/6391844288.jpg	https://cdn1.ozone.ru/s3/multimedia-l/6391844289.jpg	https://cdn1.ozone.ru/s3/multimedia-i/6391844286.jpg	https://cdn1.ozone.ru/s3/multimedia-j/6391844287.jpg	https://cdn1.ozone.ru/s3/multimedia-f/6369130551.jpg	https://cdn1.ozone.ru/s3/multimedia-u/6369130710.jpg	https://cdn1.ozone.ru/s3/multimedia-x/6369130713.jpg	https://cdn1.ozone.ru/s3/multimedia-v/6369130675.jpg	https://cdn1.ozone.ru/s3/multimedia-d/6369130621.jpg	https://cdn1.ozone.ru/s3/multimedia-m/6391844290.jpg	https://cdn1.ozone.ru/s3/multimedia-p/6466472905.jpg			
SIN-SPEC-ARMADIO-CROMO-100	Зеркало SINTESI ARMADIO CROMO 100 с LED-подсветкой  1000x700	Зеркала	Зеркала	11400	15900	9120	12720	1000	700	9	9,5	1,05	0,75	0,04	0,0315	4687202296163	Sintesi	ARMADIO	Светодиодная лента	Встроенный	9,6	Холодный	сенсорный			Провод питания с вилкой	Прямоугольник	Россия	Алюминий	Хром	матовое	Подвесной	2 года	LED подсветка; сенсорный выключатель; алюминиевый профиль цвета хром	Зеркало ARMADIO CROMO 100, 800х600 с подсветкой. Алюминиевым профилем и сенсорным выключателем. Потребляемая мощность 29 W. Класс защиты IP44. Стеклянное зеркальное полотно Mirox производства компании AGC Glass Russia, принадлежащей международной группе мирового лидера по производству стекла AGC Inc. LED подсветка, алюминиевый профиль, сенсорный выключатель, блок питания, крепление зеркала (кронштейн с крюком), клеммник, сетевой шнур. Материал корпуса - Анодированный алюминий (профиль), задняя стенка пластик (АБС). Можно использовать в любом помещение: ванная и туалет, прихожая, спальня, гостиная	https://disk.yandex.ru/i/Yc0IItOkAGLosA		https://cdn1.ozone.ru/s3/multimedia-g/6734972572.jpg	https://cdn1.ozone.ru/s3/multimedia-z/6391836527.jpg	https://cdn1.ozone.ru/s3/multimedia-1/6391836529.jpg	https://cdn1.ozone.ru/s3/multimedia-2/6391836530.jpg	https://cdn1.ozone.ru/s3/multimedia-7/6391836535.jpg	https://cdn1.ozone.ru/s3/multimedia-3/6391836531.jpg	https://cdn1.ozone.ru/s3/multimedia-6/6369130614.jpg	https://cdn1.ozone.ru/s3/multimedia-k/6369130592.jpg	https://cdn1.ozone.ru/s3/multimedia-u/6369130530.jpg	https://cdn1.ozone.ru/s3/multimedia-0/6391836528.jpg	https://cdn1.ozone.ru/s3/multimedia-a/6466473106.jpg				
SIN-SPEC-ARMADIO-CROMO-120	Зеркало SINTESI ARMADIO CROMO 120 с LED-подсветкой  1200x700	Зеркала	Зеркала	13300	18500	10640	14800	1200	700	11,2	11,7	1,25	0,75	0,04	0,0375	4687202296170	Sintesi	ARMADIO	Светодиодная лента	Встроенный	9,6	Холодный	сенсорный			Провод питания с вилкой	Прямоугольник	Россия	Алюминий	Хром	матовое	Подвесной	2 года	LED подсветка; сенсорный выключатель; алюминиевый профиль цвета хром	Зеркало ARMADIO CROMO 120, 800х600 с подсветкой. Алюминиевым профилем и сенсорным выключателем. Потребляемая мощность 29 W. Класс защиты IP44. Стеклянное зеркальное полотно Mirox производства компании AGC Glass Russia, принадлежащей международной группе мирового лидера по производству стекла AGC Inc. LED подсветка, алюминиевый профиль, сенсорный выключатель, блок питания, крепление зеркала (кронштейн с крюком), клеммник, сетевой шнур. Материал корпуса - Анодированный алюминий (профиль), задняя стенка пластик (АБС). Можно использовать в любом помещение: ванная и туалет, прихожая, спальня, гостиная	https://disk.yandex.ru/i/Kz6phSbPCxaDhQ		https://cdn1.ozone.ru/s3/multimedia-g/6734972572.jpg	https://cdn1.ozone.ru/s3/multimedia-f/6391854975.jpg	https://cdn1.ozone.ru/s3/multimedia-9/6391854969.jpg	https://cdn1.ozone.ru/s3/multimedia-l/6391854981.jpg	https://cdn1.ozone.ru/s3/multimedia-k/6391854980.jpg	https://cdn1.ozone.ru/s3/multimedia-j/6391854979.jpg	https://cdn1.ozone.ru/s3/multimedia-q/6369130526.jpg	https://cdn1.ozone.ru/s3/multimedia-r/6369130851.jpg	https://cdn1.ozone.ru/s3/multimedia-i/6466473294.jpg						
SIN-SPEC-ARMADIO-black-120	Зеркало SINTESI ARMADIO BLACK 120 с LED-подсветкой  1200x700	Зеркала	Зеркала	13300	18500	10640	14800	1200	700	11,2	11,7	1,25	0,75	0,04	0,0375	4687202296149	Sintesi	ARMADIO	Светодиодная лента	Встроенный	9,6	Холодный	сенсорный			Провод питания с вилкой	Прямоугольник	Россия	Алюминий	Хром	матовое	Подвесной	2 года	LED подсветка; сенсорный выключатель; алюминиевый профиль черного цвета	Зеркало ARMADIO BLACK 120, 1200х700 с подсветкой. Алюминиевым профилем и сенсорным выключателем. Потребляемая мощность 29 W. Класс защиты IP44. Стеклянное зеркальное полотно Mirox производства компании AGC Glass Russia, принадлежащей международной группе мирового лидера по производству стекла AGC Inc. LED подсветка, алюминиевый профиль, сенсорный выключатель, блок питания, крепление зеркала (кронштейн с крюком), клеммник, сетевой шнур. Материал корпуса - Анодированный алюминий (профиль), задняя стенка пластик (АБС). Можно использовать в любом помещение: ванная и туалет, прихожая, спальня, гостиная	https://disk.yandex.ru/i/LBb3LG6ugcMNAA		https://cdn1.ozone.ru/s3/multimedia-y/6734966290.jpg	https://cdn1.ozone.ru/s3/multimedia-4/6391852624.jpg	https://cdn1.ozone.ru/s3/multimedia-h/6391852637.jpg	https://cdn1.ozone.ru/s3/multimedia-6/6391852626.jpg	https://cdn1.ozone.ru/s3/multimedia-g/6391852636.jpg	https://cdn1.ozone.ru/s3/multimedia-w/6369130568.jpg	https://cdn1.ozone.ru/s3/multimedia-y/6369130570.jpg	https://cdn1.ozone.ru/s3/multimedia-w/6369130604.jpg	https://cdn1.ozone.ru/s3/multimedia-3/6369130683.jpg	https://cdn1.ozone.ru/s3/multimedia-m/6369130666.jpg	https://cdn1.ozone.ru/s3/multimedia-e/6391852634.jpg	https://cdn1.ozone.ru/s3/multimedia-z/6466472555.jpg			
SIN-SPEC-CALLISTO-80	Зеркало SINTESI CALLISTO 80 с LED-подсветкой D 800	Зеркала	Зеркала	12800	17800	10240	14240	800	800	9,4	9,9	0,85	0,85	0,04	0,0289	4687202296187	Sintesi	Сallisto	Светодиодная лента	Встроенный	9,6	Холодный	сенсорный			Провод питания с вилкой	Круг	Россия	Алюминий	Черный	матовое	Подвесной	2 года	LED подсветка; сенсорный выключатель; алюминиевый профиль черного цвета	Зеркало Сallisto D800 изготовлено из зеркального полотна толщиной 4 мм производства ведущего европейского производителя зеркал AGC. Модель отличается стильным минималистическим дизайном. В качестве элемента LED-подсветки используется светодиодная лента с плотностью диодов 120 шт./м мощностью 9,6Вт/м. Это создает мягкое и равномерное свечение по периметру всего зеркала. Электрические компоненты размещены внутри корпуса, край полотна обработан еврокромкой, что обеспечивает надежную защиту от случайных порезов при контакте с изделием. Управление подсветкой осуществляется при помощи бесконтактного сенсора. Зеркало поставляется в комплекте с настенным крепежом. Изделие прошло обязательную сертификацию и может использоваться в помещениях с повышенной влажностью воздуха.	https://disk.yandex.ru/i/6NJiVvv7rYxTYg		https://cdn1.ozone.ru/s3/multimedia-8/6734971448.jpg	https://cdn1.ozone.ru/s3/multimedia-p/6391839757.jpg	https://cdn1.ozone.ru/s3/multimedia-o/6391839756.jpg	https://cdn1.ozone.ru/s3/multimedia-s/6391839760.jpg	https://cdn1.ozone.ru/s3/multimedia-x/6369130569.jpg	https://cdn1.ozone.ru/s3/multimedia-y/6369130606.jpg	https://cdn1.ozone.ru/s3/multimedia-6/6369130578.jpg	https://cdn1.ozone.ru/s3/multimedia-u/6369130566.jpg	https://cdn1.ozone.ru/s3/multimedia-b/6369130655.jpg	https://cdn1.ozone.ru/s3/multimedia-l/6391839753.jpg	https://cdn1.ozone.ru/s3/multimedia-t/6369130529.jpg	https://cdn1.ozone.ru/s3/multimedia-8/6369130508.jpg	https://cdn1.ozone.ru/s3/multimedia-x/6466474209.jpg		