Артикул	Наименование	Раздел	Производитель	Состояние	Статус	Цвет	Тип	Штрихкод	Коллекция	Ширина	Высота	Глубина	Монтаж	Материал корпуса	Материал фасада	Покрытие	Стиль	Гарантия	Страна сборки	Вес, кг Брутто	Объем, м3 Брутто	Ориентация	Область применения	Фурнитура	Доп. функции	Система хранения	Тип лампы	Описание	Изображение	РРЦ
99.9100	Ящик BOX, 60 см, подвесной, для стеклянной столешницы LINE, 1 ящик, push-to-open, белый глянец	тумбы	Dreja	склад		белый	тумбы	4670015117602	Box	590	270	460	подвесной	ЛДСП	МДФ	глянцевое	современный	2 года	Россия	12	0,070	универсальная	бытовая	Hettich	механизм открывания push-to-open	1 ящик		Подвесная современная коллекция	https://cloud.mail.ru/public/BNpT/EWw4LWUAx	11800
99.9101	Столешница LINE, 120 см, стеклянная, с отверстиями для установки накладного умывальника и смесителя, белая	столешницы	Dreja	склад		белый	столешницы	4670015117473	Line	1200	24	460	подвесной	МДФ+стекло	МДФ+стекло	стекло	современный	2 года	Россия	12,9045	0,030	универсальная	бытовая					Столешница со стеклом	https://cloud.mail.ru/public/5sXr/sjKKK2516	13600
99.9102	Консоль под стеклянную столешницу LINE, хром	консоли	Dreja	склад		хром	консоли	4670015118715	Line	20	210	455	подвесной	мелалл	металл	хром	современный	2 года	Россия	1,2	0,016	универсальная	бытовая					Консоль под стеклянную столешницу	https://cloud.mail.ru/public/Wd5P/AqzSL4Zqu	7609
99.9200	Тумба INSIGHT, 80 см, подвесная, стеклянная столешница с отверстиями для установки накладного умывальника и смесителя, 1 ящик, белый глянец	тумбы	Dreja	склад		белый	тумбы	4670015117497	Insight	800	350	500	подвесной	МДФ	МДФ	глянцевое	современный	2 года	Россия	30	0,196	универсальная	бытовая	Hettich	встроенный органайзер 	1 ящик		Подвесная современная коллекция	https://cloud.mail.ru/public/9KJy/zfxAouT8m	34800
99.9201	Пенал INSIGHT, 35 см, подвесной, универсальный, 2 дверцы, 4 стеклянные полки, белый глянец	пеналы	Dreja	склад		белый	пеналы	4670015117404	Insight	350	1720	350	подвесной	МДФ	МДФ	глянцевое	современный	2 года	Россия	40	0,253	универсальная	бытовая	Hettich		2 дверцы, 4 стеклянные полки		Подвесная современная коллекция	https://cloud.mail.ru/public/74Pp/DKqTh6jk1	36500
99.0806	Тумба PERFECTO, 60 см, подвесная, 1 ящик, push-to-open, белый глянец	тумбы	Dreja	склад		белый	тумбы	4670015117503	Perfecto	570	502	453	подвесной	ЛДСП	МДФ	глянцевое	современный	2 года	Россия	18,052	0,153	универсальная	бытовая	Hettich	встроенный органайзер в верхнем ящике, механизм открывания  push-to-open	1 ящик		Подвесная современная коллекция	https://cloud.mail.ru/public/sZfs/wWrEBpEtS	14600
99.0807	Тумба PERFECTO, 70 см, подвесная, 1 ящик, push-to-open, белый глянец	тумбы	Dreja	склад		белый	тумбы	4670015117510	Perfecto	670	502	453	подвесной	ЛДСП	МДФ	глянцевое	современный	2 года	Россия	19,831	0,179	универсальная	бытовая	Hettich	встроенный органайзер в верхнем ящике, механизм открывания  push-to-open	1 ящик		Подвесная современная коллекция	https://cloud.mail.ru/public/8v6T/MCR45Dmhh	15400
99.0808	Тумба PERFECTO, 90 см, подвесная, 1 ящик, push-to-open, белый глянец	тумбы	Dreja	склад		белый	тумбы	4670015117527	Perfecto	870	502	462	подвесной	ЛДСП	МДФ	глянцевое	современный	2 года	Россия	28,109	0,235	универсальная	бытовая	Hettich	встроенный органайзер в верхнем ящике, механизм открывания  push-to-open	1 ящик		Подвесная современная коллекция	https://cloud.mail.ru/public/8xSH/QodBJJVNA	17400
99.0809	Пенал PERFECTO, 35 см, подвесной/напольный, универсальный, 2 дверцы, push-to-open, 4 стеклянные полки, белый глянец	пеналы	Dreja	склад		белый	пеналы	4670015117411	Perfecto	350	1720	350	подвесной/напольный	ЛДСП	МДФ	глянцевое	современный	2 года	Россия	31,4584	0,252	универсальная	бытовая	Hettich	механизм открывания push-to-open	2 дверцы, 4 стеклянные полки		Подвесная/напольная современная коллекция	https://cloud.mail.ru/public/EvjD/EsqRYwM3d	25900
99.0810	Полупенал PERFECTO, 35 см, подвесной, правый, 1 дверца, push-to-open, 1 стеклянная полка, белый глянец	полупеналы	Dreja	склад		белый	полупеналы	4670015117435	Perfecto	347	770	353	подвесной	ЛДСП	МДФ	глянцевое	современный	2 года	Россия	15,853	0,115	универсальная	бытовая	Hettich	механизм открывания push-to-open	1 дверца, 1 стеклянная полка		Подвесная современная коллекция	https://cloud.mail.ru/public/cvaJ/VGZhpiREV	12200
99.9300	Тумба PRIME, 60 см, подвесная/напольная, 2 ящика, белый глянец	тумбы	Dreja	склад		белый	тумбы	4670015117534	Prime	570	655	450	подвесной/напольный	МДФ	МДФ	глянцевое	современный	2 года	Россия	26,8058	0,197	универсальная	бытовая	Hettich	встроенный органайзер в верхнем ящике	2 ящика		Подвесная/напольная современная коллекция	https://cloud.mail.ru/public/6cJE/dTigLw7NX	33900
99.9301	Тумба PRIME, 70 см, подвесная/напольная, 2 ящика, белый глянец	тумбы	Dreja	склад		белый	тумбы	4670015117541	Prime	670	655	450	подвесной/напольный	МДФ	МДФ	глянцевое	современный	2 года	Россия	29,3941	0,230	универсальная	бытовая	Hettich	встроенный органайзер в верхнем ящике	2 ящика		Подвесная/напольная современная коллекция	https://cloud.mail.ru/public/tb7L/iUNZTYEkU	35900
99.9302	Тумба PRIME, 90 см, подвесная/напольная, 2 ящика, белый глянец	тумбы	Dreja	склад		белый	тумбы	4670015117558	Prime	870	655	450	подвесной/напольный	МДФ	МДФ	глянцевое	современный	2 года	Россия	34,5356	0,296	универсальная	бытовая	Hettich	встроенный органайзер в верхнем ящике	2 ящика		Подвесная/напольная современная коллекция	https://cloud.mail.ru/public/2jjT/SEt67hyte	38900
99.9303	Пенал PRIME, 35 см, подвесной/напольный, универсальный, 1 дверца, 4 стеклянные полки, белый глянец	пеналы	Dreja	склад		белый	пеналы	4670015117428	Prime	350	1545	350	подвесной/напольный	МДФ	МДФ	глянцевое	современный	2 года	Россия	30,47424	0,236	универсальная	бытовая	Hettich		1 дверца, 4 стеклянные полки		Подвесная/напольная современная коллекция	https://cloud.mail.ru/public/Evz8/JdiLaQbx7	29900
99.9304	Шкаф зеркальный PRIME, 60 см, 2 дверцы, 2 стеклянные полки, белый	зеркальные шкафы	Dreja	склад		белый	зеркальные шкафы	4670015117572	Prime	600	700	141	подвесной	МДФ	МДФ+зеркало	глянцевое	современный	2 года	Россия	19,0506	0,087	универсальная	бытовая	Hettich		2 дверцы, 2 стеклянные полки		Современная коллекция	https://cloud.mail.ru/public/addD/MXE3gfRwB	12900
99.9305	Шкаф зеркальный PRIME, 70 см, 2 дверцы, 4 стеклянные полки, белый	зеркальные шкафы	Dreja	склад		белый	зеркальные шкафы	4670015117589	Prime	700	700	141	подвесной	МДФ	МДФ+зеркало	глянцевое	современный	2 года	Россия	21,6969	0,101	универсальная	бытовая	Hettich		2 дверцы, 4 стеклянные полки		Современная коллекция	https://cloud.mail.ru/public/rTQ7/5tD4TMYBZ	13900
99.9306	Шкаф зеркальный PRIME, 90 см, 3 дверцы, 6 стеклянных полок, белый	зеркальные шкафы	Dreja	склад		белый	зеркальные шкафы	4670015117596	Prime	900	700	141	подвесной	МДФ	МДФ+зеркало	глянцевое	современный	2 года	Россия	26,64155	0,129	универсальная	бытовая	Hettich		3 дверцы, 6 стеклянных полок		Современная коллекция	https://cloud.mail.ru/public/kstH/x5fG6zLf1	15900
99.9822	Светильник PRIME, для зеркального шкафа, LED, пластик, хром	светильники	Dreja	склад		хром	светильники	4670015118692	Prime	296	38	108	подвесной	пластик	пластик	хром	современный	2 года	Россия	0,1	0,001	универсальная	бытовая				LED-освещение	Современная коллекция	https://cloud.mail.ru/public/wQkB/zvULtBY1D	2300
99.9400	Тумба W, 125 см, подвесная, для умывальника "Гармония" 125 см или стеклянной столешницы W, 2 ящика, белый глянец	тумбы	Dreja	склад		белый	тумбы	4670015117565	W	1221	420	460	подвесной	ЛДСП	МДФ	глянцевое	современный	2 года	Россия	33,453	0,239	универсальная	бытовая	Hettich	встроенный органайзер 	2 ящика		Подвесная современная коллекция	https://cloud.mail.ru/public/cBdE/owAq2jh5J	23100
99.9401	Столешница W, стеклянная, для тумбы W, с отверстиями для установки 2-х накладных умывальников	столешницы	Dreja	склад		белый	столешницы	4670015117480	W	1250	16	460	подвесной	МДФ+стекло	МДФ+стекло	стекло	современный	2 года	Россия	10,6595	0,031	универсальная	бытовая			2 дверцы, 2 стеклянные полки		Столешница со стеклом	https://cloud.mail.ru/public/uHqV/NhGhdWDw8	14900
99.0012	Шкаф QL, 60 см, 2 дверцы, 2 стеклянные полки, белый глянец	шкафы	Dreja	склад		белый	шкафы	4670015119040	QL	600	770	250	подвесной	ЛДСП	МДФ	глянцевое	современный	2 года	Россия	17,9146	0,151	универсальная	бытовая	Hettich		2 дверцы, 2 стеклянные полки		Современная коллекция	https://cloud.mail.ru/public/UgS4/TEKiPzYz4	15900
99.9026	Зеркало POINT, 50x80 см, сенсорный выключатель, LED-подсветка	зеркала	Dreja	склад		белый	зеркала	4630040429828	Point	500	800	26	подвесной	ЛДСП+пластик	зеркало	глянцевое	современный	2 года	Россия	6	0,010	универсальная	бытовая		сенсорный выключатель, LED-подсветка		LED-освещение	Современная коллекция	https://cloud.mail.ru/public/U28x/moXa1AcSD	11300
99.0604	Тумба ALDA, 65 см, подвесная/напольная, 2 ящика, с опорами, белый глянец	тумбы	Dreja	склад		белый	тумбы	4660018641549	Alda	616	670	302	подвесной/напольный	ЛДСП	МДФ	глянцевое	современный	2 года	Россия	13,232	0,129	универсальная	бытовая	Hettich	встроенный органайзер в верхнем ящике	2 ящика		Подвесная/напольная современная коллекция	https://cloud.mail.ru/public/gvmM/pDyGP2VuV	19900
99.0603	Тумба ALDA D, 65 см, подвесная/напольная, 2 дверцы, с опорами, белый глянец	тумбы	Dreja	склад		белый	тумбы	4660018641532	Alda	616	670	302	подвесной/напольный	ЛДСП	МДФ	глянцевое	современный	2 года	Россия	13,232	0,129	универсальная	бытовая	Hettich		2 дверцы		Подвесная/напольная современная коллекция	https://cloud.mail.ru/public/Fe9H/xKukjkUwR	16400
99.0305	Тумба ALFA, 55 см, подвесная, 1 ящик, белый глянец	тумбы	Dreja	склад		белый	тумбы	4660018640719	Alfa	536	470	296	подвесной	ЛДСП	МДФ	глянцевое	современный	2 года	Россия	10,892	0,095	универсальная	бытовая	Hettich		1 ящик		Подвесная современная коллекция	https://cloud.mail.ru/public/q7Ez/U5wpM8bfs	12300
99.1502	Тумба ALMI, 50 см, подвесная/напольная, 1 дверца, белый глянец	тумбы	Dreja	склад		белый	тумбы	4660018640986	Almi	430	620	366	подвесной/напольный	ЛДСП	МДФ	глянцевое	современный	2 года	Россия	8,605	0,116	универсальная	бытовая	Hettich		1 дверца		Подвесная/напольная современная коллекция	https://cloud.mail.ru/public/6Z2h/CPAeJ1UuF	10700
99.0208	Пенал ALMI, 35 см, подвесной/напольный, универсальный, 2 дверцы, 4 стеклянные полки, белый глянец	пеналы	Dreja	склад		белый	пеналы	4660018640795	Almi	347	1720	352	подвесной/напольный	ЛДСП	МДФ	глянцевое	современный	2 года	Россия	20,5094	0,249	универсальная	бытовая	Hettich		2 дверцы, 4 стеклянные полки		Подвесная/напольная современная коллекция	https://cloud.mail.ru/public/YW9Y/Lx11DAXws	20600
99.0209	Пенал ALMI, 50 см, подвесной/напольный, 4 дверцы, 4 стеклянные полки, белый глянец	пеналы	Dreja	склад		белый	пеналы	4660018640801	Almi	500	1720	352	подвесной/напольный	ЛДСП	МДФ	глянцевое	современный	2 года	Россия	23,3728	0,348	универсальная	бытовая	Hettich		4 дверцы, 4 стеклянные полки		Подвесная современная коллекция	https://cloud.mail.ru/public/j2Rx/rPVnGGUMW	32800
99.0210	Полупенал ALMI, 35 см, подвесной, правый, 1 дверца, 2 стеклянные полки, белый глянец	полупеналы	Dreja	склад		белый	полупеналы	4660018640818	Almi	347	770	352	подвесной	ЛДСП	МДФ	глянцевое	современный	2 года	Россия	10,626	0,112	универсальная	бытовая	Hettich		1 дверца, 2 стеклянные полки		Подвесная современная коллекция	https://cloud.mail.ru/public/SuN3/JCJA6AGSK	11800
99.9008	Шкаф зеркальный ALMI, 50 см, 1 дверца, 2 стеклянные полки, белый	зеркальные шкафы	Dreja	склад		белый	зеркальные шкафы	4660018640603	Almi	500	700	140	подвесной	ЛДСП	МДФ+зеркало	глянцевое	современный	2 года	Россия	13,0098	0,063	универсальная	бытовая	Hettich		1 дверца, 2 стеклянные полки		Современная коллекция	https://cloud.mail.ru/public/ZzGw/fiZpmvTLm	7800
99.9009	Шкаф зеркальный ALMI, 60 см, 2 дверцы, 4 стеклянные полки, белый	зеркальные шкафы	Dreja	склад		белый	зеркальные шкафы	4660018640610	Almi	600	700	140	подвесной	ЛДСП	МДФ+зеркало	глянцевое	современный	2 года	Россия	14,9266	0,075	универсальная	бытовая	Hettich		2 дверцы, 4 стеклянные полки		Современная коллекция	https://cloud.mail.ru/public/q7kg/JPJEcYwRE	9200
99.9010	Шкаф зеркальный ALMI, 70 см, 2 дверцы, 4 стеклянные полки, белый	зеркальные шкафы	Dreja	склад		белый	зеркальные шкафы	4660018640627	Almi	702	700	140	подвесной	ЛДСП	МДФ+зеркало	глянцевое	современный	2 года	Россия	16,5704	0,087	универсальная	бытовая	Hettich		2 дверцы, 4 стеклянные полки		Современная коллекция	https://cloud.mail.ru/public/azJA/KvjN1uP56	10700
99.9011	Шкаф зеркальный ALMI, 80 см, 3 дверцы, 6 стеклянных полок, белый	зеркальные шкафы	Dreja	склад		белый	зеркальные шкафы	4660018640634	Almi	800	700	140	подвесной	ЛДСП	МДФ+зеркало	глянцевое	современный	2 года	Россия	20,5308	0,099	универсальная	бытовая	Hettich		3 дверцы, 6 стеклянных полок		Современная коллекция	https://cloud.mail.ru/public/NrdX/bNizcgQ4p	12900
99.9012	Шкаф зеркальный ALMI, 90 см, 3 дверцы, 6 стеклянных полок, белый	зеркальные шкафы	Dreja	склад		белый	зеркальные шкафы	4660018640641	Almi	900	700	140	подвесной	ЛДСП	МДФ+зеркало	глянцевое	современный	2 года	Россия	22,7596	0,111	универсальная	бытовая	Hettich		3 дверцы, 6 стеклянных полок		Современная коллекция	https://cloud.mail.ru/public/Kf3Z/DZUA3TV1C	13500
77.0201W	Тумба BIG INN, 65 см, подвесная, 1 ящик + выдвижной внутренний ящик, белый глянец	тумбы	Dreja	склад		белый	тумбы	4610029262134	Big Inn	610	425	460	подвесной	ЛДСП	МДФ	глянцевое	современный	2 года	Россия	16,62	0,116	универсальная	бытовая	Hettich	встроенный органайзер в верхнем ящике	1 ящик + выдвижной внутренний ящик		Современная подвесная коллекция	https://cloud.mail.ru/public/NLUC/pVXR8wK2d	18900
77.0202D	Тумба BIG INN, 65 см, подвесная, 1 ящик + выдвижной внутренний ящик, дуб кантри	тумбы	Dreja	склад		дуб кантри	тумбы	4610029262097	Big Inn	610	425	460	подвесной	ЛДСП	ЛДСП	эко-шпон	современный	2 года	Россия	17,25	0,191	универсальная	бытовая	Hettich	встроенный органайзер в верхнем ящике	1 ящик + выдвижной внутренний ящик		Современная подвесная коллекция	https://cloud.mail.ru/public/9a9U/1UJuNdnmZ	16900
77.0203W	Тумба BIG INN, 80 см, подвесная, 1 ящик + выдвижной внутренний ящик, белый глянец	тумбы	Dreja	склад		белый	тумбы	4610029264497	Big Inn	760	425	460	подвесной	ЛДСП	МДФ	глянцевое	современный	2 года	Россия	22,43	0,161	универсальная	бытовая	Hettich	встроенный органайзер в верхнем ящике	1 ящик + выдвижной внутренний ящик		Современная подвесная коллекция	https://cloud.mail.ru/public/M4jw/H1NjHUvML	20500
77.0204D	Тумба BIG INN, 80 см, подвесная, 1 ящик + выдвижной внутренний ящик, дуб кантри	тумбы	Dreja	склад		дуб кантри	тумбы	4610029264503	Big Inn	760	425	460	подвесной	ЛДСП	ЛДСП	эко-шпон	современный	2 года	Россия	22,9	0,149	универсальная	бытовая	Hettich	встроенный органайзер в верхнем ящике	1 ящик + выдвижной внутренний ящик		Современная подвесная коллекция	https://cloud.mail.ru/public/4iMw/GfxUVDbZK	18900
77.0205W	Тумба BIG INN, 100 см, подвесная, 1 ящик + выдвижной внутренний ящик, белый глянец	тумбы	Dreja	склад		белый	тумбы	4610029264404	Big Inn	960	425	460	подвесной	ЛДСП	МДФ	глянцевое	современный	2 года	Россия	26,43	0,176	универсальная	бытовая	Hettich	встроенный органайзер в верхнем ящике	1 ящик + выдвижной внутренний ящик		Современная подвесная коллекция	https://cloud.mail.ru/public/hYtT/sv9HYmgwE	22400
77.0206D	Тумба BIG INN, 100 см, подвесная, 1 ящик + выдвижной внутренний ящик, дуб кантри	тумбы	Dreja	склад		дуб кантри	тумбы	4610029264398	Big Inn	960	425	460	подвесной	ЛДСП	ЛДСП	эко-шпон	современный	2 года	Россия	27,85	0,202	универсальная	бытовая	Hettich	встроенный органайзер в верхнем ящике	1 ящик + выдвижной внутренний ящик		Современная подвесная коллекция	https://cloud.mail.ru/public/kaNN/Dqdudf4s7	20700
77.0101W	Тумба GIO, 60 см, подвесная, 2 ящика, белый глянец	тумбы	Dreja	склад		белый	тумбы	4610029264534	Gio	575	550	460	подвесной	ЛДСП	МДФ	глянцевое	современный	2 года	Россия	17,2	0,155	универсальная	бытовая	Hettich	встроенный органайзер в верхнем ящике	2 ящика		Современная подвесная коллекция	https://cloud.mail.ru/public/dwiz/N9qW48Qcn	19300
77.0102D	Тумба GIO, 60 см, подвесная, 2 ящика, дуб кантри	тумбы	Dreja	склад		дуб кантри	тумбы	4610029264541	Gio	575	550	460	подвесной	ЛДСП	ЛДСП	эко-шпон	современный	2 года	Россия	19,8	0,188	универсальная	бытовая	Hettich	встроенный органайзер в верхнем ящике	2 ящика		Современная подвесная коллекция	https://cloud.mail.ru/public/bs9y/Fvee6NT3u	16300
77.0103W	Тумба GIO, 80 см, подвесная, 2 ящика, белый глянец	тумбы	Dreja	склад		белый	тумбы	4610029264428	Gio	750	550	460	подвесной	ЛДСП	МДФ	глянцевое	современный	2 года	Россия	21,9	0,146	универсальная	бытовая	Hettich	встроенный органайзер в верхнем ящике	2 ящика		Современная подвесная коллекция	https://cloud.mail.ru/public/HEXm/aYmqiDqU3	23700
77.0104D	Тумба GIO, 80 см, подвесная, 2 ящика, дуб кантри	тумбы	Dreja	склад		дуб кантри	тумбы	4610029264558	Gio	750	550	460	подвесной	ЛДСП	ЛДСП	эко-шпон	современный	2 года	Россия	22,9	0,149	универсальная	бытовая	Hettich	встроенный органайзер в верхнем ящике	2 ящика		Современная подвесная коллекция	https://cloud.mail.ru/public/hMy7/ESqwbjHga	20400
77.0105W	Тумба GIO, 100 см, подвесная, 2 ящика, белый глянец	тумбы	Dreja	склад		белый	тумбы	4610029264527	Gio	960	550	460	подвесной	ЛДСП	МДФ	глянцевое	современный	2 года	Россия	26,43	0,176	универсальная	бытовая	Hettich	встроенный органайзер в верхнем ящике	2 ящика		Современная подвесная коллекция	https://cloud.mail.ru/public/QNyL/XAThRLeA2	25400
77.0106D	Тумба GIO, 100 см, подвесная, 2 ящика, дуб кантри	тумбы	Dreja	склад		дуб кантри	тумбы	4610029264510	Gio	960	550	460	подвесной	ЛДСП	ЛДСП	эко-шпон	современный	2 года	Россия	27,85	0,202	универсальная	бытовая	Hettich	встроенный органайзер в верхнем ящике	2 ящика		Современная подвесная коллекция	https://cloud.mail.ru/public/9eUb/RskEsNr4w	22200
99.0909	Тумба GRACE, 60 см, подвесная, 1 ящик, белый глянец	тумбы	Dreja	склад		белый	тумбы	4660018641709	Grace	576	444	455	подвесной	ЛДСП	МДФ	глянцевое	современный	2 года	Россия	20,9	0,149	универсальная	бытовая	Hettich	встроенный органайзер	1 ящик		Современная подвесная коллекция	https://cloud.mail.ru/public/snzR/nYRBk4MJt	13900
99.0910	Тумба GRACE, 70 см, подвесная, 1 ящик, белый глянец	тумбы	Dreja	склад		белый	тумбы	4660018641716	Grace	670	444	450	подвесной	ЛДСП	МДФ	глянцевое	современный	2 года	Россия	24,43	0,176	универсальная	бытовая	Hettich	встроенный органайзер	1 ящик		Современная подвесная коллекция	https://cloud.mail.ru/public/4zf2/xa73rmnr3	15500
99.0903	Тумба GRACE, 90 см, подвесная, 1 ящик, белый глянец	тумбы	Dreja	склад		белый	тумбы	4660018641723	Grace	870	444	450	подвесной	ЛДСП	МДФ	глянцевое	современный	2 года	Россия	34	0,210	универсальная	бытовая	Hettich	встроенный органайзер	1 ящик		Современная подвесная коллекция	https://cloud.mail.ru/public/fwjB/uWvqEgDbp	19900
99.0907	Пенал GRACE, 35 см, подвесной/напольный, правый, 2 дверцы, 4 стеклянные полки, белый глянец	пеналы	Dreja	склад		белый	пеналы	4660018641761	Grace	350	1720	357	подвесной/напольный	ЛДСП	МДФ	глянцевое	современный	2 года	Россия	14,92	0,030	правая	бытовая	Hettich		2 дверцы, 4 стеклянные полки		Подвесная/напольная современная коллекция	https://cloud.mail.ru/public/UNmK/p4gv9n38D	25300
99.0908	Полупенал GRACE, 35 см, подвесной, правый, 1 дверца, 2 стеклянные полки, белый глянец	полупеналы	Dreja	склад		белый	полупеналы	4660018641778	Grace	350	770	350	подвесной	ЛДСП	МДФ	глянцевое	современный	2 года	Россия	7,1	0,015	правая	бытовая	Hettich		1 дверца, 2 стеклянные полки		Современная подвесная коллекция	https://cloud.mail.ru/public/TQft/yF5SaMJBL	12400
99.0904	Тумба GRACE PLUS, 60 см, подвесная/напольная, 2 ящика, с опорами, белый глянец	тумбы	Dreja	склад		белый	тумбы	4660018641730	Grace Plus	576	645	455	подвесной/напольный	ЛДСП	МДФ	глянцевое	современный	2 года	Россия	22,9	0,149	универсальная	бытовая	Hettich	встроенный органайзер в верхнем ящике	2 ящика		Подвесная/напольная современная коллекция	https://cloud.mail.ru/public/sWd4/mvexJRPWa	20900
99.0905	Тумба GRACE PLUS, 70 см, подвесная/напольная, 2 ящика, с опорами, белый глянец	тумбы	Dreja	склад		белый	тумбы	4660018641747	Grace Plus	670	645	450	подвесной/напольный	ЛДСП	МДФ	глянцевое	современный	2 года	Россия	26,43	0,176	универсальная	бытовая	Hettich	встроенный органайзер в верхнем ящике	2 ящика		Подвесная/напольная современная коллекция	https://cloud.mail.ru/public/bE9b/Xeo9uadg1	24300
99.0906	Тумба GRACE PLUS, 90 см, подвесная/напольная, 2 ящика, с опорами, белый глянец	тумбы	Dreja	склад		белый	тумбы	4660018641754	Grace Plus	874	645	450	подвесной/напольный	ЛДСП	МДФ	глянцевое	современный	2 года	Россия	40,4	0,298	универсальная	бытовая	Hettich	встроенный органайзер в верхнем ящике	2 ящика		Подвесная/напольная современная коллекция	https://cloud.mail.ru/public/pwix/uYcBHUtS9	28600
99.0102	Тумба LAGUNA, 75 см, подвесная, 1 ящик, белый глянец	тумбы	Dreja	склад		белый	тумбы	4660018640443	Laguna	720	500	330	подвесной	ЛДСП	МДФ	глянцевое	современный	2 года	Россия	16,2	0,134	универсальная	бытовая	Hettich		1 ящик		Современная подвесная коллекция	https://cloud.mail.ru/public/WX8C/F8D4FnmnB	13500
99.0103	Тумба LAGUNA, 85 см, подвесная, 1 ящик, белый глянец	тумбы	Dreja	склад		белый	тумбы	4660018640450	Laguna	820	500	340	подвесной	ЛДСП	МДФ	глянцевое	современный	2 года	Россия	17,2	0,155	универсальная	бытовая	Hettich		1 ящик		Современная подвесная коллекция	https://cloud.mail.ru/public/4sMD/rmeD8cUEH	16900
99.0104	Тумба LAGUNA, 105 см, подвесная, 1 ящик, белый глянец	тумбы	Dreja	склад		белый	тумбы	4660018640467	Laguna	1000	500	325	подвесной	ЛДСП	МДФ	глянцевое	современный	2 года	Россия	19,8	0,188	универсальная	бытовая	Hettich		1 ящик		Современная подвесная коллекция	https://cloud.mail.ru/public/LYL7/SGoPBcy3U	18800
99.0106	Тумба LAGUNA PLUS, 75 см, подвесная/напольная, 2 ящика, с опорами, белый глянец	тумбы	Dreja	склад		белый	тумбы	4660018640481	Laguna Plus	720	670	330	подвесной/напольный	ЛДСП	МДФ	глянцевое	современный	2 года	Россия	16,2	0,134	универсальная	бытовая	Hettich	встроенный органайзер в верхнем ящике	2 ящика		Подвесная/напольная современная коллекция	https://cloud.mail.ru/public/pRVW/13wpTCkeq	20300
99.0107	Тумба LAGUNA PLUS, 85 см, подвесная/напольная, 2 ящика, с опорами, белый глянец	тумбы	Dreja	склад		белый	тумбы	4660018640498	Laguna Plus	820	670	340	подвесной/напольный	ЛДСП	МДФ	глянцевое	современный	2 года	Россия	17,2	0,155	универсальная	бытовая	Hettich	встроенный органайзер в верхнем ящике	2 ящика		Подвесная/напольная современная коллекция	https://cloud.mail.ru/public/mpxD/2izYxMuNH	26000
99.0108	Тумба LAGUNA PLUS, 105 см, подвесная/напольная, 2 ящика, с опорами, белый глянец	тумбы	Dreja	склад		белый	тумбы	4660018640504	Laguna Plus	1000	670	325	подвесной/напольный	ЛДСП	МДФ	глянцевое	современный	2 года	Россия	19,8	0,188	универсальная	бытовая	Hettich	встроенный органайзер в верхнем ящике	2 ящика		Подвесная/напольная современная коллекция	https://cloud.mail.ru/public/NAkN/jf1eirC35	28700
99.1201	Тумба MINI, 50 см, подвесная/напольная, 1 дверца, белый глянец	тумбы	Dreja	склад		белый	тумбы	4660018640696	Mini	430	620	369	подвесной/напольный	ЛДСП	МДФ	глянцевое	современный	2 года	Россия	11,529	0,117	универсальная	бытовая	Hettich		1 дверца		Подвесная/напольная современная коллекция	https://cloud.mail.ru/public/coGj/UzAcYwK5u	10500
99.0202	Тумба MINI, 60 см, подвесная/напольная, 2 дверцы, белый глянец	тумбы	Dreja	склад		белый	тумбы	4660018640702	Mini	544	620	355	подвесной/напольный	ЛДСП	МДФ	глянцевое	современный	2 года	Россия	12,41	0,143	универсальная	бытовая	Hettich		2 дверцы		Подвесная/напольная современная коллекция	https://cloud.mail.ru/public/Zsia/k47FABYnL	12900
99.0811	Тумба PERFECTO, 60 см, подвесная, 1 ящик, дуб эврика/белый глянец	тумбы	Dreja	склад		дуб эврика/белый	тумбы	4610093020494	Perfecto	576	502	454	подвесной	ЛДСП	МДФ	глянцевое/эко-шпон	современный	2 года	Россия	20,9	0,149	универсальная	бытовая	Hettich	встроенный органайзер	1 ящик		Современная подвесная коллекция	https://cloud.mail.ru/public/ykfx/sQq91ube2	11500
99.0812	Тумба PERFECTO, 70 см, подвесная, 1 ящик, дуб эврика/белый глянец	тумбы	Dreja	склад		дуб эврика/белый	тумбы	4610093020500	Perfecto	670	502	454	подвесной	ЛДСП	МДФ	глянцевое/эко-шпон	современный	2 года	Россия	24,43	0,176	универсальная	бытовая	Hettich	встроенный органайзер	1 ящик		Современная подвесная коллекция	https://cloud.mail.ru/public/pfNg/y4V4QaUqN	13200
99.0813	Тумба PERFECTO, 90 см, подвесная, 1 ящик, дуб эврика/белый глянец	тумбы	Dreja	склад		дуб эврика/белый	тумбы	4610093020517	Perfecto	870	502	450	подвесной	ЛДСП	МДФ	глянцевое/эко-шпон	современный	2 года	Россия	27,7	0,235	универсальная	бытовая	Hettich	встроенный органайзер	1 ящик		Современная подвесная коллекция	https://cloud.mail.ru/public/tVA6/vChrUX21y	15200
99.0814	Пенал PERFECTO, 35 см, подвесной/напольный, универсальный, 2 дверцы, 4 стеклянные полки, дуб эврика/белый глянец	пеналы	Dreja	склад		дуб эврика/белый	пеналы	4610093020470	Perfecto	347	1720	353	подвесной/напольный	ЛДСП	МДФ	глянцевое/эко-шпон	современный	2 года	Россия	14,92	0,030	универсальная	бытовая	Hettich		2 дверцы, 4 стеклянные полки		Подвесная/напольная современная коллекция	https://cloud.mail.ru/public/A1fR/KY5iUSrSu	22900
99.0815	Полупенал PERFECTO, 35 см, подвесной, универсальный, 1 дверца, 1 стеклянная полка, дуб эврика/белый глянец	полупеналы	Dreja	склад		дуб эврика/белый	полупеналы	4610093020487	Perfecto	347	770	353	подвесной	ЛДСП	МДФ	глянцевое/эко-шпон	современный	2 года	Россия	7,1	0,015	универсальная	бытовая	Hettich		1 дверца, 1 стеклянная полка		Современная подвесная коллекция	https://cloud.mail.ru/public/ddSj/NTNtg9Btb	11600
99.0007	Тумба Q, 55 см, подвесная, 2 ящика, белый глянец	тумбы	Dreja	склад		белый	тумбы	4660018640900	Q	494	560	455	подвесной	ЛДСП	МДФ	глянцевое	современный	2 года	Россия	21,9	0,146	универсальная	бытовая	Hettich	встроенный органайзер в верхнем ящике	2 ящика		Современная подвесная коллекция	https://cloud.mail.ru/public/u4Mk/Xmo9J5ijp	14100
99.0001	Тумба Q, 60 см, подвесная, 2 ящика, белый глянец	тумбы	Dreja	склад		белый	тумбы	4660018640375	Q	554	560	455	подвесной	ЛДСП	МДФ	глянцевое	современный	2 года	Россия	22,9	0,149	универсальная	бытовая	Hettich	встроенный органайзер в верхнем ящике	2 ящика		Современная подвесная коллекция	https://cloud.mail.ru/public/Lbhj/m16TC9nCX	14600
99.0002	Тумба Q, 70 см, подвесная, 2 ящика, белый глянец	тумбы	Dreja	склад		белый	тумбы	4660018640382	Q	644	560	455	подвесной	ЛДСП	МДФ	глянцевое	современный	2 года	Россия	26,43	0,176	универсальная	бытовая	Hettich	встроенный органайзер в верхнем ящике	2 ящика		Современная подвесная коллекция	https://cloud.mail.ru/public/YU4G/XZQzJDsgh	15900
99.0003	Тумба Q, 80 см, подвесная, 2 ящика, белый глянец	тумбы	Dreja	склад		белый	тумбы	4660018640399	Q	744	560	455	подвесной	ЛДСП	МДФ	глянцевое	современный	2 года	Россия	27,85	0,202	универсальная	бытовая	Hettich	встроенный органайзер в верхнем ящике	2 ящика		Современная подвесная коллекция	https://cloud.mail.ru/public/jK6r/2wbayC2hK	17500
99.0008	Тумба Q PLUS, 55 см, подвесная/напольная, 2 ящика, с опорами, белый глянец	тумбы	Dreja	склад		белый	тумбы	4660018640917	Q Plus	494	620	455	подвесной/напольный	ЛДСП	МДФ	глянцевое	современный	2 года	Россия	22,43	0,161	универсальная	бытовая	Hettich	встроенный органайзер в верхнем ящике	2 ящика		Подвесная/напольная современная коллекция	https://cloud.mail.ru/public/GwUT/WTVUADvxJ	15600
99.0004	Тумба Q PLUS, 60 см, подвесная/напольная, 2 ящика, с опорами, белый глянец	тумбы	Dreja	склад		белый	тумбы	4660018640405	Q Plus	554	620	455	подвесной/напольный	ЛДСП	МДФ	глянцевое	современный	2 года	Россия	22,9	0,149	универсальная	бытовая	Hettich	встроенный органайзер в верхнем ящике	2 ящика		Подвесная/напольная современная коллекция	https://cloud.mail.ru/public/S6Lq/7XG7n1PAg	15900
99.0005	Тумба Q PLUS, 70 см, подвесная/напольная, 2 ящика, с опорами, белый глянец	тумбы	Dreja	склад		белый	тумбы	4660018640412	Q Plus	644	620	455	подвесной/напольный	ЛДСП	МДФ	глянцевое	современный	2 года	Россия	26,43	0,176	универсальная	бытовая	Hettich	встроенный органайзер в верхнем ящике	2 ящика		Подвесная/напольная современная коллекция	https://cloud.mail.ru/public/x7nR/voSnDssP6	17900
99.0006	Тумба Q PLUS, 80 см, подвесная/напольная, 2 ящика, с опорами, белый глянец	тумбы	Dreja	склад		белый	тумбы	4660018640429	Q Plus	744	620	455	подвесной/напольный	ЛДСП	МДФ	глянцевое	современный	2 года	Россия	27,85	0,202	универсальная	бытовая	Hettich	встроенный органайзер в верхнем ящике	2 ящика		Подвесная/напольная современная коллекция	https://cloud.mail.ru/public/AA4t/tmmPE4HZy	19900
77.0001W	Тумба Q MAX, 55 см, подвесная, 2 ящика, белый глянец	тумбы	Dreja	склад		белый	тумбы	4610029264640	Q Max	495	550	436	подвесной	ЛДСП	МДФ	глянцевое	современный	2 года	Россия	22,4	0,164	универсальная	бытовая	Hettich	встроенный органайзер в верхнем ящике	2 ящика		Современная подвесная коллекция	https://cloud.mail.ru/public/u9yD/fHWBD7zko	20900
77.0002D	Тумба Q MAX, 55 см, подвесная, 2 ящика, дуб кантри	тумбы	Dreja	склад		дуб кантри	тумбы	4610029264657	Q Max	495	550	436	подвесной	ЛДСП	ЛДСП	эко-шпон	современный	2 года	Россия	21,4	0,164	универсальная	бытовая	Hettich	встроенный органайзер в верхнем ящике	2 ящика		Современная подвесная коллекция	https://cloud.mail.ru/public/sDCB/Ahnn71shq	18200
77.0003W	Тумба Q MAX, 60 см, подвесная, 2 ящика, белый глянец	тумбы	Dreja	склад		белый	тумбы	4610029264664	Q Max	545	550	436	подвесной	ЛДСП	МДФ	глянцевое	современный	2 года	Россия	22,65	0,179	универсальная	бытовая	Hettich	встроенный органайзер в верхнем ящике	2 ящика		Современная подвесная коллекция	https://cloud.mail.ru/public/daj3/dgkNXen3T	21600
77.0004D	Тумба Q MAX, 60 см, подвесная, 2 ящика, дуб кантри	тумбы	Dreja	склад		дуб кантри	тумбы	4610029264411	Q Max	545	550	436	подвесной	ЛДСП	ЛДСП	эко-шпон	современный	2 года	Россия	23,2	0,179	универсальная	бытовая	Hettich	встроенный органайзер в верхнем ящике	2 ящика		Современная подвесная коллекция	https://cloud.mail.ru/public/JqMt/KDSPNPrez	18500
77.0005W	Тумба Q MAX, 70 см, подвесная, 2 ящика, белый глянец	тумбы	Dreja	склад		белый	тумбы	4610029264671	Q Max	645	550	436	подвесной	ЛДСП	МДФ	глянцевое	современный	2 года	Россия	25,75	0,209	универсальная	бытовая	Hettich	встроенный органайзер в верхнем ящике	2 ящика		Современная подвесная коллекция	https://cloud.mail.ru/public/BrG8/Fptn1Jwqv	22500
77.0006D	Тумба Q MAX, 70 см, подвесная, 2 ящика, дуб кантри	тумбы	Dreja	склад		дуб кантри	тумбы	4610029264688	Q Max	645	550	436	подвесной	ЛДСП	ЛДСП	эко-шпон	современный	2 года	Россия	24,8	0,209	универсальная	бытовая	Hettich	встроенный органайзер в верхнем ящике	2 ящика		Современная подвесная коллекция	https://cloud.mail.ru/public/Xuc7/4fs3ikizW	19900
77.0007W	Тумба Q MAX, 80 см, подвесная, 2 ящика, белый глянец	тумбы	Dreja	склад		белый	тумбы	4610029264695	Q Max	745	570	436	подвесной	ЛДСП	МДФ	глянцевое	современный	2 года	Россия	28,2	0,251	универсальная	бытовая	Hettich	встроенный органайзер в верхнем ящике	2 ящика		Современная подвесная коллекция	https://cloud.mail.ru/public/WeTw/oFzyxKCxK	24600
77.0008D	Тумба Q MAX, 80 см, подвесная, 2 ящика, дуб кантри	тумбы	Dreja	склад		дуб кантри	тумбы	4610029264701	Q Max	745	570	436	подвесной	ЛДСП	ЛДСП	эко-шпон	современный	2 года	Россия	27,8	0,251	универсальная	бытовая	Hettich	встроенный органайзер в верхнем ящике	2 ящика		Современная подвесная коллекция	https://cloud.mail.ru/public/wiG6/ANPMhwe3M	20900
99.1901	Тумба TINY, 50 см, подвесная, 1 ящик, белый глянец	тумбы	Dreja	склад		белый	тумбы	4660018640924	Tiny	446	300	369	подвесной	ЛДСП	МДФ	глянцевое	современный	2 года	Россия	15,2	0,059	универсальная	бытовая	Hettich	встроенный органайзер	1 ящик		Современная подвесная коллекция	https://cloud.mail.ru/public/cG82/fPc1xF4gx	9800
99.0902	Тумба TINY, 60 см, подвесная, 1 ящик, белый глянец	тумбы	Dreja	склад		белый	тумбы	4660018640931	Tiny	550	300	361	подвесной	ЛДСП	МДФ	глянцевое	современный	2 года	Россия	17,3	0,072	универсальная	бытовая	Hettich	встроенный органайзер	1 ящик		Современная подвесная коллекция	https://cloud.mail.ru/public/Uv1F/KYu6oFCxH	10400
99.9021	Зеркало TINY, 50 см, без подсветки	зеркала	Dreja	склад		белый	зеркала	4660018640948	Tiny	500	700	16	подвесной	МДФ	зеркало	глянцевое	современный	2 года	Россия	7,2	0,017	универсальная	бытовая					Современная коллекция	https://cloud.mail.ru/public/VcJt/uosCYx1Wf	5600
99.9022	Зеркало TINY, 60 см, без подсветки	зеркала	Dreja	склад		белый	зеркала	4660018640955	Tiny	600	700	16	подвесной	МДФ	зеркало	глянцевое	современный	2 года	Россия	8,3	0,020	универсальная	бытовая					Современная коллекция	https://cloud.mail.ru/public/QXmn/N561ixwTJ	6200
99.9024	Зеркало TINY, 60 см, LED-подсветка	зеркала	Dreja	склад		белый	зеркала	4660018640962	Tiny	600	700	16	подвесной	МДФ	зеркало	глянцевое	современный	2 года	Россия	8,2	0,020	универсальная	бытовая		LED подсветка, без выключателя		LED-освещение	Современная коллекция	https://cloud.mail.ru/public/8dsA/pXCDeL78i	11400
99.9025	Зеркало TINY, 70/80 см, LED-подсветка	зеркала	Dreja	склад		белый	зеркала	4660018640979	Tiny	700/800	800/700	16	подвесной	МДФ	зеркало	глянцевое	современный	2 года	Россия	9,1	0,027	универсальная	бытовая		LED подсветка, без выключателя		LED-освещение	Современная коллекция	https://cloud.mail.ru/public/C76m/fiwg4yDH4	13500
77.0303W	Пенал, 35 см, подвесной/напольный, универсальный, 2 дверцы, 1 ящик, 4 стеклянные полки, белый глянец	пеналы	Dreja	склад		белый	пеналы	4610029264442		350	1720	350	подвесной/напольный	ЛДСП	МДФ	глянцевое	современный	2 года	Россия	10	0,030	универсальная	бытовая	Hettich		2 дверцы, 1 ящик, 4 стеклянные полки		Подвесная/напольная современная коллекция	https://cloud.mail.ru/public/mbMH/w8b8zb8M7	29900
77.0304D	Пенал, 35 см, подвесной/напольный, универсальный, 2 дверцы, 1 ящик, 4 стеклянные полки, дуб кантри	пеналы	Dreja	склад		дуб кантри	пеналы	4610029264459		350	1720	350	подвесной/напольный	ЛДСП	МДФ	эко-шпон	современный	2 года	Россия	7,1	0,015	универсальная	бытовая	Hettich		2 дверцы, 1 ящик, 4 стеклянные полки		Подвесная/напольная современная коллекция	https://cloud.mail.ru/public/PoAt/omQX1FDfM	24900
77.0301W	Пенал, 50 см, подвесной/напольный, универсальный, 4 дверцы, 4 стеклянные полки, белый глянец	пеналы	Dreja	склад		белый	пеналы	4610029264435		500	1545	350	подвесной/напольный	ЛДСП	МДФ	глянцевое	современный	2 года	Россия	14,92	0,030	универсальная	бытовая	Hettich		4 дверцы, 4 стеклянные полки		Подвесная/напольная современная коллекция	https://cloud.mail.ru/public/JR5i/Lg7xTMGCC	30900
77.0302D	Пенал, 50 см, подвесной/напольный, универсальный, 4 дверцы, 4 стеклянные полки, дуб кантри	пеналы	Dreja	склад		дуб кантри	пеналы	4610029264718		500	1545	350	подвесной/напольный	ЛДСП	МДФ	эко-шпон	современный	2 года	Россия	12,74	0,025	универсальная	бытовая	Hettich		4 дверцы, 4 стеклянные полки		Подвесная/напольная современная коллекция	https://cloud.mail.ru/public/Aq3T/JMKBRQQ4y	26100
99.0009	Пенал QL35, 35 см, подвесной/напольный, универсальный, 2 дверцы, 4 стеклянные полки, белый глянец	пеналы	Dreja	склад		белый	пеналы	4660018640511	QL	347	1720	355	подвесной/напольный	ЛДСП	МДФ	глянцевое	современный	2 года	Россия	14,92	0,030	универсальная	бытовая	Hettich		2 дверцы, 4 стеклянные полки		Подвесная/напольная современная коллекция	https://cloud.mail.ru/public/RmUK/mGf9PqBAE	18300
99.0011	Пенал QL50, 50 см, подвесной/напольный, 4 дверцы, 4 стеклянные полки, белый глянец	пеналы	Dreja	склад		белый	пеналы	4660018641631	QL	500	1720	357	подвесной/напольный	ЛДСП	МДФ	глянцевое	современный	2 года	Россия	19,92	0,040	универсальная	бытовая	Hettich		4 дверцы, 4 стеклянные полки		Подвесная/напольная современная коллекция	https://cloud.mail.ru/public/aDAK/nEDte8chF	28700
99.0010	Полупенал QL35, 35 см, подвесной, правый, 1 дверца, 2 стеклянные полки, белый глянец	полупеналы	Dreja	склад		белый	полупеналы	4660018640528	QL	347	770	355	подвесной	ЛДСП	МДФ	глянцевое	современный	2 года	Россия	7,1	0,015	правая	бытовая	Hettich		1 дверца, 2 стеклянные полки		Современная подвесная коллекция	https://cloud.mail.ru/public/CLyv/6mMcUXGJV	9900
77.9011W	Зеркало KVADRO, 60x85 см, инфракрасный выключатель, LED-подсветка	зеркала	Dreja	склад		белый	зеркала	4610029269386	Kvadro	600	850	32	подвесной	МДФ	зеркало	глянцевое	современный	2 года	Россия	8,6	0,258	универсальная	бытовая		LED-освещение , инфракрасный выключатель		LED-освещение	Современная коллекция	https://cloud.mail.ru/public/i6MH/3eZD9xGio	15400
77.9012W	Зеркало KVADRO, 80x85 см, инфракрасный выключатель, LED-подсветка	зеркала	Dreja	склад		белый	зеркала	4610029269393	Kvadro	800	850	32	подвесной	МДФ	зеркало	глянцевое	современный	2 года	Россия	10,5	0,282	универсальная	бытовая		LED-освещение , инфракрасный выключатель		LED-освещение	Современная коллекция	https://cloud.mail.ru/public/e9r4/3GtitQ1w5	16600
77.9013W	Зеркало KVADRO, 100x85 см, инфракрасный выключатель, LED-подсветка	зеркала	Dreja	склад		белый	зеркала	4610029269379	Kvadro	1000	850	32	подвесной	МДФ	зеркало	глянцевое	современный	2 года	Россия	12,3	0,282	универсальная	бытовая		LED-освещение , инфракрасный выключатель		LED-освещение	Современная коллекция	https://cloud.mail.ru/public/ypRL/ZGzrSYe2S	17900
99.9004	Зеркало UNI, 65 см, без подсветки, белый	зеркала	Dreja	склад		белый	зеркала	4660018640566	Uni	650	800	16	подвесной	МДФ	зеркало	глянцевое	современный	2 года	Россия	8,4	0,096	универсальная	бытовая					Современная коллекция	https://cloud.mail.ru/public/Dhs5/aAY7HzCpH	6300
99.9005	Зеркало UNI, 75 см, без подсветки, белый	зеркала	Dreja	склад		белый	зеркала	4660018640573	Uni	750	800	16	подвесной	МДФ	зеркало	глянцевое	современный	2 года	Россия	9,3	0,110	универсальная	бытовая					Современная коллекция	https://cloud.mail.ru/public/7Ko5/JMJzbW8tW	7300
99.9006	Зеркало UNI, 85 см, без подсветки, белый	зеркала	Dreja	склад		белый	зеркала	4660018640580	Uni	850	800	16	подвесной	МДФ	зеркало	глянцевое	современный	2 года	Россия	10,2	0,030	универсальная	бытовая					Современная коллекция	https://cloud.mail.ru/public/ph4x/Lv4RN4WKi	7600
99.9007	Зеркало UNI, 105 см, без подсветки, белый	зеркала	Dreja	склад		белый	зеркала	4660018640597	Uni	1000	800	16	подвесной	МДФ	зеркало	глянцевое	современный	2 года	Россия	12,74	0,025	универсальная	бытовая					Современная коллекция	https://cloud.mail.ru/public/GNjC/vP2NiUTRv	8400
77.9005W	Шкаф зеркальный MAX, 60 см, 1 дверца, 2 стеклянные полки, белый глянец	зеркальные шкафы	Dreja	склад		белый	зеркальные шкафы	4610029264565	Max	600	800	138	подвесной	ЛДСП	МДФ+зеркало	глянцевое	современный	2 года	Россия	10,892	0,095	универсальная	бытовая	Hettich	LED-освещение , с розеткой и выключателем		LED-освещение	Современная коллекция	https://cloud.mail.ru/public/hLHS/go4FhQiXh	13900
77.9006D	Шкаф зеркальный MAX, 60 см, 1 дверца, 2 стеклянные полки, дуб кантри	зеркальные шкафы	Dreja	склад		дуб кантри	зеркальные шкафы	4610029264473	Max	600	800	138	подвесной	ЛДСП	МДФ+зеркало	эко-шпон	современный	2 года	Россия	13,232	0,129	универсальная	бытовая	Hettich	LED-освещение , с розеткой и выключателем	1 дверца, 2 стеклянные полки	LED-освещение	Современная коллекция	https://cloud.mail.ru/public/iU1Y/f6M1DijZD	13900
77.9007W	Шкаф зеркальный MAX, 70 см, 2 дверцы, 4 стеклянные полки, белый глянец	зеркальные шкафы	Dreja	склад		белый	зеркальные шкафы	4610029264589	Max	700	800	138	подвесной	ЛДСП	МДФ+зеркало	глянцевое	современный	2 года	Россия	15,519	0,159	универсальная	бытовая	Hettich	LED-освещение , с розеткой и выключателем	2 дверцы, 4 стеклянные полки	LED-освещение	Современная коллекция	https://cloud.mail.ru/public/j1bY/LWipSk1Aw	16900
77.9008D	Шкаф зеркальный MAX, 70 см, 2 дверцы, 4 стеклянные полки, дуб кантри	зеркальные шкафы	Dreja	склад		дуб кантри	зеркальные шкафы	4610029264572	Max	700	800	138	подвесной	ЛДСП	МДФ+зеркало	эко-шпон	современный	2 года	Россия	20,082	0,249	универсальная	бытовая	Hettich	LED-освещение , с розеткой и выключателем	2 дверцы, 4 стеклянные полки	LED-освещение	Современная коллекция	https://cloud.mail.ru/public/eqmp/BY1RwuX45	16900
77.9009W	Шкаф зеркальный MAX, 80 см, 2 дверцы, 4 стеклянные полки, белый глянец	зеркальные шкафы	Dreja	склад		белый	зеркальные шкафы	4610029264602	Max	800	800	138	подвесной	ЛДСП	МДФ+зеркало	глянцевое	современный	2 года	Россия	18,337	0,177	универсальная	бытовая	Hettich	LED-освещение , с розеткой и выключателем	2 дверцы, 4 стеклянные полки	LED-освещение	Современная коллекция	https://cloud.mail.ru/public/fK3c/kNW7JJ2VU	17900
77.9010D	Шкаф зеркальный MAX, 80 см, 2 дверцы, 4 стеклянные полки, дуб кантри	зеркальные шкафы	Dreja	склад		дуб кантри	зеркальные шкафы	4610029264596	Max	800	800	138	подвесной	ЛДСП	МДФ+зеркало	эко-шпон	современный	2 года	Россия	22,254	0,177	универсальная	бытовая	Hettich	LED-освещение , с розеткой и выключателем	2 дверцы, 4 стеклянные полки	LED-освещение	Современная коллекция	https://cloud.mail.ru/public/JS32/ZUNVTecY1	17900
99.9001	Шкаф зеркальный UNI, 60 см,  2 дверцы, 4 стеклянные полки, с подсветкой и выключателем, белый	зеркальные шкафы	Dreja	склад		белый	зеркальные шкафы	4660018640535	Uni	600	820	145	подвесной	ЛДСП	МДФ+зеркало	глянцевое	современный	2 года	Россия	16,62	0,116	универсальная	бытовая	Hettich	подсветка, выключатель	2 дверцы, 4 стеклянные полки	галогеновое освещение	Современная коллекция	https://cloud.mail.ru/public/XNTs/bN2vw7gbR	12900
99.9002	Шкаф зеркальный UNI, 70 см, 2 дверцы, 4 стеклянные полки, с подсветкой и выключателем, белый	зеркальные шкафы	Dreja	склад		белый	зеркальные шкафы	4660018640542	Uni	700	820	145	подвесной	ЛДСП	МДФ+зеркало	глянцевое	современный	2 года	Россия	22,2	0,191	универсальная	бытовая	Hettich	подсветка, выключатель	2 дверцы, 4 стеклянные полки	галогеновое освещение	Современная коллекция	https://cloud.mail.ru/public/QbMn/z7jECnZGo	13900
99.9003	Шкаф зеркальный UNI, 80 см, 3 дверцы, 6 стеклянных полок, с подсветкой и выключателем, белый	зеркальные шкафы	Dreja	склад		белый	зеркальные шкафы	4660018640559	Uni	800	820	145	подвесной	ЛДСП	МДФ+зеркало	глянцевое	современный	2 года	Россия	26,5	0,083	универсальная	бытовая	Hettich	подсветка, выключатель	3 дверцы, 6 стеклянных полок	галогеновое освещение	Современная коллекция	https://cloud.mail.ru/public/9PBq/YQ24LDc1s	15900
99.9013	Шкаф зеркальный UNI, 120 см, 3 дверцы, 6 стеклянных полок, с LED-подсветкой и выключателем, белый	зеркальные шкафы	Dreja	склад		белый	зеркальные шкафы	4660018641952	Uni	1200	820	145	подвесной	ЛДСП	МДФ+зеркало	глянцевое	современный	2 года	Россия	35,1	0,174	универсальная	бытовая	Hettich	подсветка, выключатель	3 дверцы, 6 стеклянных полок	галогеновое освещение	Современная коллекция	https://cloud.mail.ru/public/Lb4C/uUhjHLQbn	19900
99.9810	Комплект опор (ножек) для напольного монтажа мебели, 2 хром + 2 пластик	опоры	Dreja	склад		хром	опоры	4660018641273			150-180			металл+пластик	металл+пластик	хром	современный	2 года	Россия	0,1	0,001	универсальная	бытовая					Современная коллекция	https://cloud.mail.ru/public/q93n/ibcECazyA	1300
195452	АЛЬФА, 55 см, мебельный умывальник, керамический	умывальники	Dreja	склад		белый	умывальники	4607152360660	Alfa	550	65	430	подвесной	керамика	керамика	глянцевое	современный	5 лет	Россия	14,3	0,004	универсальная	бытовая					Современная коллекция	https://cloud.mail.ru/public/4iwB/jYzYefM3i	3290
641587	ГРЭЙС, 60 см, мебельный умывальник, керамический	умывальники	Dreja	склад		белый	умывальники	4660018641587	Grace	602	55	470	подвесной	керамика	керамика	глянцевое	современный	5 лет	Россия	14,7	0,005	универсальная	бытовая					Современная коллекция	https://cloud.mail.ru/public/4iwB/jYzYefM3i	7890
641600	ГРЭЙС, 70 см, мебельный умывальник, керамический	умывальники	Dreja	склад		белый	умывальники	4660018641600	Grace	705	55	470	подвесной	керамика	керамика	глянцевое	современный	5 лет	Россия	17	0,006	универсальная	бытовая					Современная коллекция	https://cloud.mail.ru/public/4iwB/jYzYefM3i	8290
641617	ГРЭЙС, 90 см, мебельный умывальник, керамический	умывальники	Dreja	склад		белый	умывальники	4660018641617	Grace	905	65	460	подвесной	керамика	керамика	глянцевое	современный	5 лет	Россия	21,5	0,011	универсальная	бытовая					Современная коллекция	https://cloud.mail.ru/public/4iwB/jYzYefM3i	10290
192529	ЛАГУНА, 65 см, мебельный умывальник, керамический	умывальники	Dreja	склад		белый	умывальники	4660018640313	Laguna	650	65	420	подвесной	керамика	керамика	глянцевое	современный	5 лет	Россия	13,5	0,004	универсальная	бытовая					Современная коллекция	https://cloud.mail.ru/public/4iwB/jYzYefM3i	4490
028230	ЛАГУНА, 75 см, мебельный умывальник, керамический	умывальники	Dreja	склад		белый	умывальники	4660018640030	Laguna	750	65	475	подвесной	керамика	керамика	глянцевое	современный	5 лет	Россия	17,6	0,007	универсальная	бытовая					Современная коллекция	https://cloud.mail.ru/public/4iwB/jYzYefM3i	7390
191676	ЛАГУНА, 85 см, мебельный умывальник, керамический	умывальники	Dreja	склад		белый	умывальники	4660018640115	Laguna	845	65	470	подвесной	керамика	керамика	глянцевое	современный	5 лет	Россия	20,1	0,009	универсальная	бытовая					Современная коллекция	https://cloud.mail.ru/public/4iwB/jYzYefM3i	8690
191683	ЛАГУНА, 105 см, мебельный умывальник, керамический	умывальники	Dreja	склад		белый	умывальники	4660018640023	Laguna	1060	65	470	подвесной	керамика	керамика	глянцевое	современный	5 лет	Россия	22,9	0,013	универсальная	бытовая					Современная коллекция	https://cloud.mail.ru/public/4iwB/jYzYefM3i	9790
195032	МИНИ, 50 см, мебельный умывальник, керамический	умывальники	Dreja	склад		белый	умывальники	4607152360653	Mini	500	70	380	подвесной	керамика	керамика	глянцевое	современный	5 лет	Россия	12,3	0,003	универсальная	бытовая					Современная коллекция	https://cloud.mail.ru/public/4iwB/jYzYefM3i	3290
641785	МИНИ 60-СК, 60 см, мебельный умывальник, керамический	умывальники	Dreja	склад		белый	умывальники	4660018641785	Mini	604	165	383	подвесной	керамика	керамика	глянцевое	современный	5 лет	Россия	13,6	0,003	универсальная	бытовая					Современная коллекция	https://cloud.mail.ru/public/4iwB/jYzYefM3i	6990
195476	Q, 55 см, мебельный умывальник, керамический	умывальники	Dreja	склад		белый	умывальники	4660018640085	Q	550	90	480	подвесной	керамика	керамика	глянцевое	современный	5 лет	Россия	16,579	0,102	универсальная	бытовая					Современная коллекция	https://cloud.mail.ru/public/4iwB/jYzYefM3i	7390
191638	Q, 60 см, мебельный умывальник, керамический	умывальники	Dreja	склад		белый	умывальники	4660018640061	Q	600	90	470	подвесной	керамика	керамика	глянцевое	современный	5 лет	Россия	17,7	0,196	универсальная	бытовая					Современная коллекция	https://cloud.mail.ru/public/4iwB/jYzYefM3i	7690
191645	Q, 70 см, мебельный умывальник, керамический	умывальники	Dreja	склад		белый	умывальники	4660018640122	Q	700	90	47	подвесной	керамика	керамика	глянцевое	современный	5 лет	Россия	18,8432	0,118	универсальная	бытовая					Современная коллекция	https://cloud.mail.ru/public/4iwB/jYzYefM3i	8890
192185	Q, 80 см, мебельный умывальник, керамический	умывальники	Dreja	склад		белый	умывальники	4660018640320	Q	805	110	480	подвесной	керамика	керамика	глянцевое	современный	5 лет	Россия	29,297	0,222	универсальная	бытовая					Современная коллекция	https://cloud.mail.ru/public/4iwB/jYzYefM3i	10090
640214	ГАРМОНИЯ, 65 см, мебельный умывальник, керамический	умывальники	Dreja	склад		белый	умывальники	4660018640214	Harmony	650	55	470	подвесной	керамика	керамика	глянцевое	современный	5 лет	Россия	16,761	0,100	универсальная	бытовая					Современная коллекция	https://cloud.mail.ru/public/2gtP/5NabGpJEe	7290
640207	ГАРМОНИЯ, 80 см, мебельный умывальник, керамический	умывальники	Dreja	склад		белый	умывальники	4660018640207	Harmony	800	55	470	подвесной	керамика	керамика	глянцевое	современный	5 лет	Россия	17,644	0,106	универсальная	бытовая					Современная коллекция	https://cloud.mail.ru/public/2gtP/5NabGpJEe	8990
641259	ГАРМОНИЯ, 100 см, мебельный умывальник, керамический	умывальники	Dreja	склад		белый	умывальники	4660018641259	Harmony	1000	55	470	подвесной	керамика	керамика	глянцевое	современный	5 лет	Россия	20,543	0,123	универсальная	бытовая					Современная коллекция	https://cloud.mail.ru/public/2gtP/5NabGpJEe	11590
641938	ГАРМОНИЯ, 125 см, мебельный умывальник, керамический, две чаши	умывальники	Dreja	склад		белый	умывальники	4660018641938	Harmony	1250	55	470	подвесной	керамика	керамика	глянцевое	современный	5 лет	Россия	27,7	0,178	универсальная	бытовая					Современная коллекция	https://cloud.mail.ru/public/2gtP/5NabGpJEe	16990
640344	ЭЙФОРИЯ, 60 см, мебельный умывальник, керамический	умывальники	Dreja	склад		белый	умывальники	4660018640344	Euphoria	602	25	465	подвесной	керамика	керамика	глянцевое	современный	5 лет	Россия	14,2	0,188	универсальная	бытовая					Современная коллекция	https://cloud.mail.ru/public/2gtP/5NabGpJEe	6990
640177	ЭЙФОРИЯ, 80 см, мебельный умывальник, керамический	умывальники	Dreja	склад		белый	умывальники	4660018640177	Euphoria	775	25	471	подвесной	керамика	керамика	глянцевое	современный	5 лет	Россия	18,2	0,077	универсальная	бытовая					Современная коллекция	https://cloud.mail.ru/public/2gtP/5NabGpJEe	8390
641235	ЭЙФОРИЯ, 100 см, мебельный умывальник, керамический	умывальники	Dreja	склад		белый	умывальники	4660018641235	Euphoria	1004	25	476	подвесной	керамика	керамика	глянцевое	современный	5 лет	Россия	23,8	0,089	универсальная	бытовая					Современная коллекция	https://cloud.mail.ru/public/2gtP/5NabGpJEe	10990
641945	ДЖОЙ, накладной умывальник для установки на столешнице, керамический, с заглушкой сливного отверстия, 46х39х12 см	умывальники	Dreja	склад		белый	умывальники	4660018641945	Joy	460	120	390	накладной	керамика	керамика	глянцевое	современный	5 лет	Россия	9,9	0,155	универсальная	бытовая					Современная коллекция	https://cloud.mail.ru/public/2gtP/5NabGpJEe	9290
641990	ДЖОЙ 3, накладной умывальник для установки на столешнице, керамический, пристенный, с полкой для смесителя, 46х39х12 см	умывальники	Dreja	склад		белый	умывальники	4660018641990	Joy	460	120	390	накладной	керамика	керамика	глянцевое	современный	5 лет	Россия	11	0,195	универсальная	бытовая					Современная коллекция	https://cloud.mail.ru/public/2gtP/5NabGpJEe	8990
641266	ТРИУМФ, накладной умывальник для установки на столешнице, керамический, с заглушкой сливного отверстия, 56х34х17 см	умывальники	Dreja	склад		белый	умывальники	4660018641266	Triumph	560	340	170	накладной	керамика	керамика	глянцевое	современный	5 лет	Россия	8,6	0,087	универсальная	бытовая					Современная коллекция	https://cloud.mail.ru/public/2gtP/5NabGpJEe	7990
99.9027	Зеркало POINT, 60x80 см, сенсорный выключатель, LED-подсветка	зеркала	Dreja	склад		белый	зеркала	4627186950439	Point	600	800	26	подвесной	ЛДСП+пластик	зеркало	глянцевое	современный	2 года	Россия	7,2	0,010	универсальная	бытовая		сенсорный выключатель, LED-подсветка		LED-освещение	Современная коллекция	https://cloud.mail.ru/public/7BKD/dyi1g4GZF	11900
99.9028	Зеркало POINT, 70x80 см, сенсорный выключатель, LED-подсветка	зеркала	Dreja	склад		белый	зеркала	4627186950446	Point	700	800	26	подвесной	ЛДСП+пластик	зеркало	глянцевое	современный	2 года	Россия	8,7	0,010	универсальная	бытовая		сенсорный выключатель, LED-подсветка		LED-освещение	Современная коллекция	https://cloud.mail.ru/public/Mjha/6D4sKnfnA	12400
99.9029	Зеркало POINT, 80x90 см, сенсорный выключатель, LED-подсветка	зеркала	Dreja	склад		белый	зеркала	4627186950453	Point	800	900	26	подвесной	ЛДСП+пластик	зеркало	глянцевое	современный	2 года	Россия	9	0,020	универсальная	бытовая		сенсорный выключатель, LED-подсветка		LED-освещение	Современная коллекция	https://cloud.mail.ru/public/Ni91/CVzw3St5X	13600
99.9030	Зеркало POINT, 100x70 см, сенсорный выключатель, LED-подсветка	зеркала	Dreja	склад		белый	зеркала	4627186950460	Point	1000	700	26	подвесной	ЛДСП+пластик	зеркало	глянцевое	современный	2 года	Россия	9,5	0,020	универсальная	бытовая		сенсорный выключатель, LED-подсветка		LED-освещение	Современная коллекция	https://cloud.mail.ru/public/kc6X/c7NzohLgu	13400
99.9031	Зеркало POINT, 120x70 см, сенсорный выключатель, LED-подсветка	зеркала	Dreja	склад		белый	зеркала	4627186950477	Point	1200	700	26	подвесной	ЛДСП+пластик	зеркало	глянцевое	современный	2 года	Россия	11	0,020	универсальная	бытовая		сенсорный выключатель, LED-подсветка		LED-освещение	Современная коллекция	https://cloud.mail.ru/public/3k19/2KyxUwBAq	14300
99.9032	Шкаф зеркальный POINT, 60 см, 1 дверца, 2 стеклянные полки, инфракрасный выключатель, LED-подстветка, розетка, белый	зеркальные шкафы	Dreja	склад		белый	зеркальные шкафы	4627186950484	Point	600	800	155	подвесной	ЛДСП	МДФ+пластик	глянцевое	современный	2 года	Россия	17,4	0,070	универсальная	бытовая	Blum	инфракрасный выключатель, LED-подсветка, розетка	1 дверца, 2 стеклянные полки	LED-освещение	Современная коллекция	https://cloud.mail.ru/public/Jtqp/yUbXhtE4W	26600
99.9033	Шкаф зеркальный POINT, 70 см, 2 дверцы, 2 стеклянные полки, инфракрасный выключатель, LED-подстветка, розетка, белый	зеркальные шкафы	Dreja	склад		белый	зеркальные шкафы	4627186950491	Point	700	800	155	подвесной	ЛДСП	МДФ+пластик	глянцевое	современный	2 года	Россия	20,7	0,090	универсальная	бытовая	Blum	инфракрасный выключатель, LED-подсветка, розетка	2 дверцы, 2 стеклянные полки	LED-освещение	Современная коллекция	https://cloud.mail.ru/public/sNgN/BB1Nu96Mu	31800
99.9034	Шкаф зеркальный POINT, 80 см, 2 дверцы, 2 стеклянные полки, инфракрасный выключатель, LED-подстветка, розетка, белый	зеркальные шкафы	Dreja	склад		белый	зеркальные шкафы	4627186950507	Point	800	800	155	подвесной	ЛДСП	МДФ+пластик	глянцевое	современный	2 года	Россия	23,4	0,100	универсальная	бытовая	Blum	инфракрасный выключатель, LED-подсветка, розетка	2 дверцы, 2 стеклянные полки	LED-освещение	Современная коллекция	https://cloud.mail.ru/public/p8PC/mJR3LpuoV	32300
99.9035	Пенал зеркальный POINT, 40 см, подвесной, универсальный, 1 дверца, 4 стеклянные полки, сенсорный выключатель, LED-подсветка, белый	пеналы	Dreja	склад		белый	пеналы	4627186950514	Point	400	1600	310	подвесной	ЛДСП	МДФ+пластик	глянцевое	современный	2 года	Россия	33	0,190	универсальная	бытовая	Blum	инфракрасный выключатель, LED-подсветка, розетка	1 дверца, 4 стеклянные полки	LED-освещение	Современная коллекция	https://cloud.mail.ru/public/qmmn/xLFA9TDS6	37900
99.1007	Тумба Q (D), 55 см, подвесная, 2 дверцы, белый глянец	тумбы	Dreja	склад		белый	тумбы	4610093020241	Q(D)	495	500	455	подвесной	ЛДСП	МДФ	глянцевое	современный	2 года	Россия	21,9	0,146	универсальная	бытовая	Hettich		2 дверцы, 1 полка		Современная коллекция	url1: 	11500
99.1001	Тумба Q (D), 60 см, подвесная, 2 дверцы, белый глянец	тумбы	Dreja	склад		белый	тумбы	4610093020258	Q(D)	554	500	455	подвесной	ЛДСП	МДФ	глянцевое	современный	2 года	Россия	22,9	0,149	универсальная	бытовая	Hettich		2 дверцы, 1 полка		Современная коллекция	https://cloud.mail.ru/public/ACjb/vmh8e7mSo	12100
99.1002	Тумба Q (D), 70 см, подвесная, 2 дверцы, белый глянец	тумбы	Dreja	склад		белый	тумбы	4610093020265	Q(D)	644	500	455	подвесной	ЛДСП	МДФ	глянцевое	современный	2 года	Россия	26,43	0,176	универсальная	бытовая	Hettich		2 дверцы, 1 полка		Современная коллекция	https://cloud.mail.ru/public/sSjo/oH6nKFpUM	13200
99.1003	Тумба Q (D), 80 см, подвесная, 3 дверцы, белый глянец	тумбы	Dreja	склад		белый	тумбы	4610093020272	Q(D)	744	500	455	подвесной	ЛДСП	МДФ	глянцевое	современный	2 года	Россия	27,85	0,202	универсальная	бытовая	Hettich		3 дверцы, 2 полки		Современная коллекция	https://cloud.mail.ru/public/estb/AgXMRT4g7	14800
99.1008	Тумба Q PLUS (D), 55 см, подвесная/напольная, 2 дверцы, с опорами, белый глянец	тумбы	Dreja	склад		белый	тумбы	4610093020289	Q Plus (D)	495	599	455	подвесной	ЛДСП	МДФ	глянцевое	современный	2 года	Россия	22,43	0,161	универсальная	бытовая	Hettich		2 дверцы, 1 полка		Современная коллекция	https://cloud.mail.ru/public/ecQV/x74DCyhLi	13800
99.1004	Тумба Q PLUS (D), 60 см, подвесная/напольная, 2 дверцы, с опорами, белый глянец	тумбы	Dreja	склад		белый	тумбы	4610093020296	Q Plus (D)	554	599	455	подвесной	ЛДСП	МДФ	глянцевое	современный	2 года	Россия	22,9	0,149	универсальная	бытовая	Hettich		2 дверцы, 1 полка		Современная коллекция	https://cloud.mail.ru/public/QoUp/cLRWNDERo	14100
99.1005	Тумба Q PLUS (D), 70 см, подвесная/напольная, 2 дверцы, с опорами, белый глянец	тумбы	Dreja	склад		белый	тумбы	4610093020302	Q Plus (D)	644	599	455	подвесной	ЛДСП	МДФ	глянцевое	современный	2 года	Россия	26,43	0,176	универсальная	бытовая	Hettich		2 дверцы, 1 полка		Современная коллекция	https://cloud.mail.ru/public/hGDu/P7iXAGrpg	15900
99.1006	Тумба Q PLUS (D), 80 см, подвесная/напольная, 3 дверцы, с опорами, белый глянец	тумбы	Dreja	склад		белый	тумбы	4610093020319	Q Plus (D)	744	599	455	подвесной	ЛДСП	МДФ	глянцевое	современный	2 года	Россия	27,85	0,202	универсальная	бытовая	Hettich		3 дверцы, 2 полки		Современная коллекция	https://cloud.mail.ru/public/4u8A/tj9ZyKFjk	17900
99.0400	Тумба SLIM, 55 см, подвесная/напольная, 2 ящика, белый глянец	тумбы	Dreja	склад	новинка	белый	тумбы	4687202040063	Slim	524	660	312	подвесной	ЛДСП	МДФ	глянцевое	современный	2 года	Россия	24	0,107	универсальная	бытовая	Boyard		2 ящика		Современная коллекция	https://cloud.mail.ru/public/x2Ew/9siwZoBLj	15300
99.0500	Тумба SLIM, 55 см, подвесная/напольная, 2 ящика, белый глянец / дуб кантри	тумбы	Dreja	склад	новинка	белый/дуб кантри	тумбы	4687202040155	Slim	524	660	312	подвесной	ЛДСП	МДФ	глянцевое	современный	2 года	Россия	24	0,107	универсальная	бытовая	Boyard		2 ящика		Современная коллекция	https://cloud.mail.ru/public/GymV/yq6pKy9DA	13400
99.0502	Тумба SLIM, 55 см, подвесная/напольная, 2 ящика, белый глянец / бетон	тумбы	Dreja	склад	новинка	белый/бетон	тумбы	4687202040179	Slim	524	660	312	подвесной	ЛДСП	МДФ	глянцевое	современный	2 года	Россия	24	0,107	универсальная	бытовая	Boyard		2 ящика		Современная коллекция	https://cloud.mail.ru/public/Aohr/oNqjbPwVT	15900
17055-KL	Слим Синерджи, 55 см, мебельный умывальник, керамический	умывальники	Dreja	склад	новинка	белый	умывальники	8682368200791	Slim	550	150	330	подвесной			глянцевое	современный	2 года	Россия	12,65	0,030	универсальная	бытовая	Boyard				Современная коллекция	https://cloud.mail.ru/public/21Wm/bWHHyx3ZW	6990
99.0401	Тумба SLIM, 65 см, подвесная/напольная, 2 ящика, белый глянец	тумбы	Dreja	склад	новинка	белый	тумбы	4687202040070	Slim	620	660	312	подвесной	ЛДСП	МДФ	глянцевое	современный	2 года	Россия	27	0,127	универсальная	бытовая	Boyard		2 ящика		Современная коллекция	https://cloud.mail.ru/public/JPbz/wNsLEVRez	16900
99.0501	Тумба SLIM, 65 см, подвесная/напольная, 2 ящика, белый глянец / дуб кантри	тумбы	Dreja	склад	новинка	белый/дуб кантри	тумбы	4687202040162	Slim	620	660	312	подвесной	ЛДСП	МДФ	глянцевое	современный	2 года	Россия	25,5	0,127	универсальная	бытовая	Boyard		2 ящика		Современная коллекция	https://cloud.mail.ru/public/VbLo/HGHxWhiYM	14500
99.0503	Тумба SLIM, 65 см, подвесная/напольная, 2 ящика, белый глянец / бетон	тумбы	Dreja	склад	новинка	белый/бетон	тумбы	4687202040186	Slim	620	660	312	подвесной	ЛДСП	МДФ	глянцевое	современный	2 года	Россия	25,5	0,127	универсальная	бытовая	Boyard		2 ящика		Современная коллекция	https://cloud.mail.ru/public/YxfK/7XaAz1Yh9	17400
17065-KL	Слим Синерджи, 65 см, мебельный умывальник, керамический	умывальники	Dreja	склад	новинка	белый	умывальники	8682368200814	Slim	650	150	330	подвесной			глянцевое	современный	2 года	Россия	14,76	0,035	универсальная	бытовая	Boyard				Современная коллекция	https://cloud.mail.ru/public/LNNH/FMArKDokV	7890
99.0406	Пенал SLIM, 30 см, подвесной/напольный, универсальный, 2 дверцы, 4 стеклянные полки, белый глянец	пеналы	Dreja	склад	новинка	белый	пеналы	4687202040124	Slim	300	1900	250	подвесной	ЛДСП	МДФ	глянцевое	современный	2 года	Россия	29	0,143	универсальная	бытовая	Boyard		2 дверцы, 4 стеклянные полки		Современная коллекция	https://cloud.mail.ru/public/osnR/75bBX4gDp	17900
99.0504	Пенал SLIM, 30 см, подвесной/напольный, универсальный, 2 дверцы, 4 стеклянные полки, белый глянец / дуб кантри	пеналы	Dreja	склад	новинка	белый/дуб кантри	пеналы	4687202040193	Slim	300	1900	250	подвесной	ЛДСП	МДФ	глянцевое	современный	2 года	Россия	28	0,143	универсальная	бытовая	Boyard		2 дверцы, 4 стеклянные полки		Современная коллекция	https://cloud.mail.ru/public/M3t5/ABMiCypiQ	15200
99.0505	Пенал SlIM, 30 см, подвесной/напольный, универсальный, 2 дверцы, 4 стеклянные полки, белый глянец / бетон	пеналы	Dreja	склад	новинка	белый/бетон	пеналы	4687202040209	Slim	300	1900	250	подвесной	ЛДСП	МДФ	глянцевое	современный	2 года	Россия	28	0,143	универсальная	бытовая	Boyard		2 дверцы, 4 стеклянные полки		Современная коллекция	https://cloud.mail.ru/public/S5Jo/XkeFh312L	16700
99.0450	Тумба Vega, 60 см, напольная, 1 ящик, 2 дверцы, белый глянец	тумбы	Dreja	склад	новинка	белый	тумбы	4687202657551	Vega	565	855	480	напольный	ЛДСП	МДФ	глянцевое	современный	2 года	Россия	26	0,231	универсальная	бытовая	Hettich, Boyard		1 ящик, 2 дверцы		Современная коллекция	https://cloud.mail.ru/public/yUgs/9BaQuypb9	15900
99.0451	Тумба Bona, 60 см, напольная, 2 ящика, белый глянец	тумбы	Dreja	склад	новинка	белый	тумбы	4687202657568	Bona	565	860	480	напольный	ЛДСП	МДФ	глянцевое	современный	2 года	Россия	31	0,233	универсальная	бытовая	Hettich		2 ящика		Современная коллекция	https://cloud.mail.ru/public/4cyL/yZVQxvdXL	17900
100120R	Умывальник Wing 120 R (чаша справа)	умывальники	Dreja	склад	новинка	белый	умывальники	4687202657575	Wing	1200	220	480	подвесной	литьевой мрамор	литьевой мрамор	глянцевое	современный	2 года	Россия	25	0,150	универсальная	бытовая					Современная коллекция	https://cloud.mail.ru/public/5Vgq/szhn3onAi	14000
100120L	Умывальник Wing 120 L (чаша слева)	умывальники	Dreja	склад	новинка	белый	умывальники	4687202657582	Wing	1200	220	480	подвесной	литьевой мрамор	литьевой мрамор	глянцевое	современный	2 года	Россия	25	0,150	универсальная	бытовая					Современная коллекция	https://cloud.mail.ru/public/dJ78/G1usG8UNV	14000
88.0001	Унитаз безободковый подвесной ENZO	унитазы	Dreja	склад	новинка	белый	унитазы	8682376850667	Enzo	355	400	530	подвесной	керамика	керамика	глянцевое	современный	5 лет	Турция	27	0,075	универсальная	бытовая					Современная коллекция	https://cloud.mail.ru/public/RfRB/kY768a5PH	13690
88.0002	Сиденье для унитаза дюропласт с микролифтом ENZO	унитазы	Dreja	склад	новинка	белый	унитазы	4687202522873	Enzo	350	30	430	подвесной	дюропласт	дюропласт	глянцевое	современный	1 год	Турция	2	0,045	универсальная	бытовая					Современная коллекция	https://cloud.mail.ru/public/AKMQ/xQM2VGDZb	5290
99.9811	Комплект опор (ножек) для напольного монтажа мебели, 4 хром пластик	опоры	Dreja	склад		хром	опоры	4687202413614		40	150-180	40		пластик	пластик	хром	современный	2 года	Россия	0,1	0,001	универсальная	бытовая					Современная коллекция	https://cloud.mail.ru/public/1HZp/zNWufX5zn	1300